{
  "episodes": 1000,
  "mean_episode_reward": 79.75,
  "std_episode_reward": 36.75333318217546,
  "aop_accuracy": 0.5869196882412742,
  "switch_count": 1521,
  "baseline_mean_episode_reward": 90.854,
  "baseline_std_episode_reward": 4.08566812161732
}