{
  "episodes": 300,
  "mean_episode_reward": -83.8036694987605,
  "std_episode_reward": 61.3534836811459,
  "interceptor_win_rate": 0.10333333333333333,
  "response_policy_accuracy": 0.46803263137924495,
  "detector_method": "sam",
  "switch_count": 48,
  "baseline_mean_episode_reward": -91.28706244442874,
  "baseline_std_episode_reward": 51.55441148816803,
  "baseline_interceptor_win_rate": 0.07
}