{
  "episodes": 800,
  "mean_episode_reward": -63.91586812722495,
  "std_episode_reward": 114.00266391344898,
  "interceptor_win_rate": 0.33125,
  "response_policy_accuracy": 0.9937548307311794,
  "detector_method": "oracle",
  "switch_count": 0,
  "baseline_mean_episode_reward": -150.0401741850741,
  "baseline_std_episode_reward": 27.035435087931603,
  "baseline_interceptor_win_rate": 0.0
}