{
  "output_dir": "runs/continuous_oracle_compare_is0p03_us0p016_cr0p08_ts1500000_s44/20260517_043918/analysis",
  "episodes": 800,
  "total_steps": 30901,
  "baseline_total_steps": 49476,
  "mean_episode_length": 38.62625,
  "baseline_mean_episode_length": 61.845,
  "mean_episode_reward": -39.50421826762513,
  "baseline_mean_episode_reward": -109.12202236779572,
  "reward_improvement": 69.61780410017059,
  "interceptor_win_rate": 0.3225,
  "baseline_interceptor_win_rate": 0.005,
  "win_rate_improvement": 0.3175,
  "response_policy_accuracy": 0.9937542474353581,
  "switch_count": 0,
  "accuracy_by_intruder_policy": {
    "attack": 0.99375,
    "detour": 0.9936659520561294,
    "direct": 0.9938455620732762
  },
  "intruder_policy_step_counts": {
    "attack": 10240,
    "detour": 10262,
    "direct": 10399
  },
  "ops_winner_counts": {
    "interceptor": 258,
    "intruder": 542
  },
  "baseline_winner_counts": {
    "interceptor": 4,
    "intruder": 796
  },
  "ops_reason_counts": {
    "active_collision": 10,
    "entered_big_circle": 522,
    "entered_small_circle": 10,
    "intercepted_before_small_circle": 255,
    "intercepted_in_big_circle": 3
  },
  "baseline_reason_counts": {
    "active_collision": 1,
    "entered_big_circle": 768,
    "entered_small_circle": 27,
    "intercepted_before_small_circle": 2,
    "intercepted_in_big_circle": 2
  },
  "episode_reward_quantiles": {
    "min": -140.6314374625682,
    "q25": -103.15952479839324,
    "median": -101.6309916740656,
    "q75": 96.45612312950193,
    "max": 98.65920654207468,
    "std": 94.3322010060683
  },
  "baseline_episode_reward_quantiles": {
    "min": -192.62812611579895,
    "q25": -105.14571768343448,
    "median": -102.90562783181667,
    "q75": -101.56117028534412,
    "max": 97.5587364307046,
    "std": 24.104218696186418
  },
  "acceptance": {
    "process_pass": true,
    "engineering_pass": true,
    "paper_like_pass": true,
    "judgement": "达到接近论文效果的候选标准，可继续做多 seed 与参数敏感性验证。"
  },
  "figures": []
}