{
  "episodes": 800,
  "mean_episode_reward": -73.57675420410683,
  "std_episode_reward": 126.73511742419976,
  "interceptor_win_rate": 0.3075,
  "response_policy_accuracy": 0.9937541205454735,
  "detector_method": "oracle",
  "switch_count": 0,
  "baseline_mean_episode_reward": -93.87940943984118,
  "baseline_std_episode_reward": 115.80193236083444,
  "baseline_interceptor_win_rate": 0.23125
}