{
  "episodes": 800,
  "mean_episode_reward": -67.76010252568096,
  "std_episode_reward": 129.19328574509322,
  "interceptor_win_rate": 0.33,
  "response_policy_accuracy": 0.9937531079065142,
  "detector_method": "oracle",
  "switch_count": 0,
  "baseline_mean_episode_reward": -164.37207020974364,
  "baseline_std_episode_reward": 26.705924322363344,
  "baseline_interceptor_win_rate": 0.0
}