{
  "output_dir": "runs/continuous_response_focus_da3000000_is0p03_us0p016_cr0p08_ts1500000_s42/20260517_073933/analysis",
  "episodes": 800,
  "total_steps": 31278,
  "baseline_total_steps": 39432,
  "mean_episode_length": 39.0975,
  "baseline_mean_episode_length": 49.29,
  "mean_episode_reward": -38.01057645034036,
  "baseline_mean_episode_reward": -108.67576642323061,
  "reward_improvement": 70.66518997289026,
  "interceptor_win_rate": 0.32875,
  "baseline_interceptor_win_rate": 0.0,
  "win_rate_improvement": 0.32875,
  "response_policy_accuracy": 0.9937655860349127,
  "switch_count": 0,
  "accuracy_by_intruder_policy": {
    "attack": 0.99375,
    "detour": 0.99375,
    "direct": 0.9937965260545906
  },
  "intruder_policy_step_counts": {
    "attack": 10400,
    "detour": 10400,
    "direct": 10478
  },
  "ops_winner_counts": {
    "interceptor": 263,
    "intruder": 537
  },
  "baseline_winner_counts": {
    "intruder": 800
  },
  "ops_reason_counts": {
    "active_collision": 11,
    "entered_big_circle": 522,
    "entered_small_circle": 4,
    "intercepted_before_small_circle": 259,
    "intercepted_in_big_circle": 3,
    "passive_intercept": 1
  },
  "baseline_reason_counts": {
    "active_collision": 57,
    "entered_big_circle": 742,
    "entered_small_circle": 1
  },
  "episode_reward_quantiles": {
    "min": -142.73645426928994,
    "q25": -103.44885219160467,
    "median": -101.5941025942564,
    "q75": 96.11460980214179,
    "max": 99.00925273925066,
    "std": 94.40281046877558
  },
  "baseline_episode_reward_quantiles": {
    "min": -181.79789577811954,
    "q25": -104.8325478860736,
    "median": -103.03197339475156,
    "q75": -101.70750923544168,
    "max": -100.38095875263214,
    "std": 17.0381083607004
  },
  "acceptance": {
    "process_pass": true,
    "engineering_pass": true,
    "paper_like_pass": true,
    "judgement": "达到接近论文效果的候选标准，可继续做多 seed 与参数敏感性验证。"
  },
  "figures": []
}