{
  "output_dir": "runs/continuous_sam_geometry_confirm_cd80m25_is0p03_us0p016_cr0p08_ts1500000_s42_samth10_dc0p02_wu20_cd80_mg0p25_nv0p0005_mx8_fmgeometry_oufalse/20260516_210901/analysis",
  "episodes": 800,
  "total_steps": 31217,
  "baseline_total_steps": 39432,
  "mean_episode_length": 39.02125,
  "baseline_mean_episode_length": 49.29,
  "mean_episode_reward": -55.53912430581704,
  "baseline_mean_episode_reward": -108.67576642323061,
  "reward_improvement": 53.13664211741357,
  "interceptor_win_rate": 0.24625,
  "baseline_interceptor_win_rate": 0.0,
  "win_rate_improvement": 0.24625,
  "response_policy_accuracy": 0.6378575776019476,
  "switch_count": 175,
  "accuracy_by_intruder_policy": {
    "attack": 0.5191346153846154,
    "detour": 0.7160576923076923,
    "direct": 0.6783142939425938
  },
  "intruder_policy_step_counts": {
    "attack": 10400,
    "detour": 10400,
    "direct": 10417
  },
  "ops_winner_counts": {
    "interceptor": 197,
    "intruder": 603
  },
  "baseline_winner_counts": {
    "intruder": 800
  },
  "ops_reason_counts": {
    "active_collision": 39,
    "entered_big_circle": 547,
    "entered_small_circle": 17,
    "intercepted_before_small_circle": 189,
    "intercepted_in_big_circle": 7,
    "passive_intercept": 1
  },
  "baseline_reason_counts": {
    "active_collision": 57,
    "entered_big_circle": 742,
    "entered_small_circle": 1
  },
  "episode_reward_quantiles": {
    "min": -194.52795910149808,
    "q25": -103.85296536505223,
    "median": -102.09161058306694,
    "q75": -100.43561745584012,
    "max": 99.00903994321824,
    "std": 87.47515387993586
  },
  "baseline_episode_reward_quantiles": {
    "min": -181.79789577811954,
    "q25": -104.8325478860736,
    "median": -103.03197339475156,
    "q75": -101.70750923544168,
    "max": -100.38095875263214,
    "std": 17.0381083607004
  },
  "acceptance": {
    "process_pass": true,
    "engineering_pass": false,
    "paper_like_pass": false,
    "judgement": "仅达到流程过关：链路已跑通，但相对 baseline 的收益仍不足。"
  },
  "figures": [
    "runs/continuous_sam_geometry_confirm_cd80m25_is0p03_us0p016_cr0p08_ts1500000_s42_samth10_dc0p02_wu20_cd80_mg0p25_nv0p0005_mx8_fmgeometry_oufalse/20260516_210901/analysis/sam_uncertainty_analysis.png"
  ]
}