{
  "episodes": 300,
  "mean_episode_reward": -100.13089016703168,
  "std_episode_reward": 39.903271567853274,
  "interceptor_win_rate": 0.03666666666666667,
  "response_policy_accuracy": 0.35331794146123485,
  "detector_method": "sam",
  "switch_count": 8,
  "baseline_mean_episode_reward": -105.95892317854663,
  "baseline_std_episode_reward": 28.605434383111472,
  "baseline_interceptor_win_rate": 0.013333333333333334
}