{
  "episodes": 800,
  "mean_episode_reward": -51.29314481135968,
  "std_episode_reward": 105.34473076746629,
  "interceptor_win_rate": 0.33375,
  "response_policy_accuracy": 0.9937517485778233,
  "detector_method": "oracle",
  "switch_count": 0,
  "baseline_mean_episode_reward": -129.85920270213543,
  "baseline_std_episode_reward": 19.562701130385637,
  "baseline_interceptor_win_rate": 0.0
}