{
  "output_dir": "runs/continuous_sam_multiseed_tune_is0p03_us0p016_cr0p08_ts300000_s44_samth12_dc0p01_wu40_cd100_mg0p5_nv0p001_mx8_fmgeometry_oufalse/20260516_030625/analysis",
  "episodes": 300,
  "total_steps": 12118,
  "baseline_total_steps": 16394,
  "mean_episode_length": 40.39333333333333,
  "baseline_mean_episode_length": 54.64666666666667,
  "mean_episode_reward": -89.8298547077133,
  "baseline_mean_episode_reward": -109.7845787092924,
  "reward_improvement": 19.95472400157911,
  "interceptor_win_rate": 0.07666666666666666,
  "baseline_interceptor_win_rate": 0.0,
  "win_rate_improvement": 0.07666666666666666,
  "response_policy_accuracy": 0.3300049513120977,
  "switch_count": 1,
  "accuracy_by_intruder_policy": {
    "attack": 0.0,
    "detour": 0.96,
    "direct": 0.03861097620203983
  },
  "intruder_policy_step_counts": {
    "attack": 4000,
    "detour": 4000,
    "direct": 4118
  },
  "ops_winner_counts": {
    "interceptor": 23,
    "intruder": 277
  },
  "baseline_winner_counts": {
    "intruder": 300
  },
  "ops_reason_counts": {
    "active_collision": 37,
    "entered_big_circle": 239,
    "entered_small_circle": 1,
    "intercepted_before_small_circle": 23
  },
  "baseline_reason_counts": {
    "active_collision": 9,
    "entered_big_circle": 285,
    "entered_small_circle": 6
  },
  "episode_reward_quantiles": {
    "min": -159.34901645332567,
    "q25": -105.13140643276273,
    "median": -103.22332164287567,
    "q75": -101.53826084971429,
    "max": 98.85472543865444,
    "std": 53.787786108899915
  },
  "baseline_episode_reward_quantiles": {
    "min": -182.99669804394244,
    "q25": -105.54739215523006,
    "median": -103.33283398985863,
    "q75": -101.69503080427647,
    "max": -100.41263511061669,
    "std": 18.438915059628716
  },
  "acceptance": {
    "process_pass": true,
    "engineering_pass": false,
    "paper_like_pass": false,
    "judgement": "仅达到流程过关：链路已跑通，但相对 baseline 的收益仍不足。"
  },
  "figures": [
    "runs/continuous_sam_multiseed_tune_is0p03_us0p016_cr0p08_ts300000_s44_samth12_dc0p01_wu40_cd100_mg0p5_nv0p001_mx8_fmgeometry_oufalse/20260516_030625/analysis/sam_uncertainty_analysis.png"
  ]
}