{
  "output_dir": "runs/continuous_sam_geometry_narrow_tune_is0p03_us0p016_cr0p08_ts300000_s44_samth10_dc0p02_wu20_cd80_mg0p25_nv0p0005_mx8_fmgeometry_oufalse/20260516_074138/analysis",
  "episodes": 300,
  "total_steps": 12972,
  "baseline_total_steps": 16394,
  "mean_episode_length": 43.24,
  "baseline_mean_episode_length": 54.64666666666667,
  "mean_episode_reward": -97.40423227659002,
  "baseline_mean_episode_reward": -109.7845787092924,
  "reward_improvement": 12.380346432702382,
  "interceptor_win_rate": 0.043333333333333335,
  "baseline_interceptor_win_rate": 0.0,
  "win_rate_improvement": 0.043333333333333335,
  "response_policy_accuracy": 0.5201202590194265,
  "switch_count": 81,
  "accuracy_by_intruder_policy": {
    "attack": 0.5319444444444444,
    "detour": 0.6194444444444445,
    "direct": 0.4092797783933518
  },
  "intruder_policy_step_counts": {
    "attack": 4320,
    "detour": 4320,
    "direct": 4332
  },
  "ops_winner_counts": {
    "interceptor": 13,
    "intruder": 287
  },
  "baseline_winner_counts": {
    "intruder": 300
  },
  "ops_reason_counts": {
    "active_collision": 22,
    "entered_big_circle": 258,
    "entered_small_circle": 7,
    "intercepted_before_small_circle": 13
  },
  "baseline_reason_counts": {
    "active_collision": 9,
    "entered_big_circle": 285,
    "entered_small_circle": 6
  },
  "episode_reward_quantiles": {
    "min": -170.97891437023878,
    "q25": -105.2388271471858,
    "median": -103.3338832950592,
    "q75": -101.54037564724683,
    "max": 98.02177240520716,
    "std": 41.56645088295175
  },
  "baseline_episode_reward_quantiles": {
    "min": -182.99669804394244,
    "q25": -105.54739215523006,
    "median": -103.33283398985863,
    "q75": -101.69503080427647,
    "max": -100.41263511061669,
    "std": 18.438915059628716
  },
  "acceptance": {
    "process_pass": true,
    "engineering_pass": false,
    "paper_like_pass": false,
    "judgement": "仅达到流程过关：链路已跑通，但相对 baseline 的收益仍不足。"
  },
  "figures": [
    "runs/continuous_sam_geometry_narrow_tune_is0p03_us0p016_cr0p08_ts300000_s44_samth10_dc0p02_wu20_cd80_mg0p25_nv0p0005_mx8_fmgeometry_oufalse/20260516_074138/analysis/sam_uncertainty_analysis.png"
  ]
}