{
  "episodes": 1000,
  "mean_episode_reward": 80.476,
  "std_episode_reward": 35.647207800892346,
  "aop_accuracy": 0.6258086776503062,
  "switch_count": 2085,
  "baseline_mean_episode_reward": 91.115,
  "baseline_std_episode_reward": 4.0548458663677955
}