{
  "episodes": 800,
  "mean_episode_reward": -40.91912529844707,
  "std_episode_reward": 93.99685057483612,
  "interceptor_win_rate": 0.31625,
  "response_policy_accuracy": 0.993755853886981,
  "detector_method": "oracle",
  "switch_count": 0,
  "baseline_mean_episode_reward": -55.589529042089396,
  "baseline_std_episode_reward": 84.56145750393645,
  "baseline_interceptor_win_rate": 0.235
}