{
  "output_dir": "runs/continuous_response_focus_da3000000_is0p03_us0p016_cr0p08_ts1500000_s44/20260517_073840/analysis",
  "episodes": 800,
  "total_steps": 31234,
  "baseline_total_steps": 49476,
  "mean_episode_length": 39.0425,
  "baseline_mean_episode_length": 61.845,
  "mean_episode_reward": -40.038114464959314,
  "baseline_mean_episode_reward": -109.12202236779572,
  "reward_improvement": 69.08390790283642,
  "interceptor_win_rate": 0.32125,
  "baseline_interceptor_win_rate": 0.005,
  "win_rate_improvement": 0.31625,
  "response_policy_accuracy": 0.9937568034833835,
  "switch_count": 0,
  "accuracy_by_intruder_policy": {
    "attack": 0.99375,
    "detour": 0.99375,
    "direct": 0.9937703661107916
  },
  "intruder_policy_step_counts": {
    "attack": 10400,
    "detour": 10400,
    "direct": 10434
  },
  "ops_winner_counts": {
    "interceptor": 257,
    "intruder": 543
  },
  "baseline_winner_counts": {
    "interceptor": 4,
    "intruder": 796
  },
  "ops_reason_counts": {
    "active_collision": 13,
    "entered_big_circle": 523,
    "entered_small_circle": 7,
    "intercepted_before_small_circle": 255,
    "intercepted_in_big_circle": 2
  },
  "baseline_reason_counts": {
    "active_collision": 1,
    "entered_big_circle": 768,
    "entered_small_circle": 27,
    "intercepted_before_small_circle": 2,
    "intercepted_in_big_circle": 2
  },
  "episode_reward_quantiles": {
    "min": -145.25072912991044,
    "q25": -103.29346484482286,
    "median": -101.67403621435164,
    "q75": 96.38637605007737,
    "max": 98.712887070477,
    "std": 94.43679872983837
  },
  "baseline_episode_reward_quantiles": {
    "min": -192.62812611579895,
    "q25": -105.14571768343448,
    "median": -102.90562783181667,
    "q75": -101.56117028534412,
    "max": 97.5587364307046,
    "std": 24.104218696186418
  },
  "acceptance": {
    "process_pass": true,
    "engineering_pass": true,
    "paper_like_pass": true,
    "judgement": "达到接近论文效果的候选标准，可继续做多 seed 与参数敏感性验证。"
  },
  "figures": []
}