{
  "episodes": 800,
  "mean_episode_reward": -51.51124850603634,
  "std_episode_reward": 103.51676978490116,
  "interceptor_win_rate": 0.325,
  "response_policy_accuracy": 0.9937722997080766,
  "detector_method": "oracle",
  "switch_count": 0,
  "baseline_mean_episode_reward": -88.93285867106644,
  "baseline_std_episode_reward": 78.71073023857197,
  "baseline_interceptor_win_rate": 0.15125
}