{
  "output_dir": "runs/continuous_sam_confirm_msbest_is0p03_us0p016_cr0p08_ts1500000_s44_samth10_dc0p01_wu30_cd80_mg0p35_nv0p001_mx8_oufalse/20260514_214053/analysis",
  "episodes": 800,
  "total_steps": 31822,
  "baseline_total_steps": 49476,
  "mean_episode_length": 39.7775,
  "baseline_mean_episode_length": 61.845,
  "mean_episode_reward": -58.063249754017434,
  "baseline_mean_episode_reward": -109.12202236779572,
  "reward_improvement": 51.05877261377829,
  "interceptor_win_rate": 0.23125,
  "baseline_interceptor_win_rate": 0.005,
  "win_rate_improvement": 0.22625,
  "response_policy_accuracy": 0.32006159260888695,
  "switch_count": 28,
  "accuracy_by_intruder_policy": {
    "attack": 0.16524621212121213,
    "detour": 0.6631628787878788,
    "direct": 0.1342739674827135
  },
  "intruder_policy_step_counts": {
    "attack": 10560,
    "detour": 10560,
    "direct": 10702
  },
  "ops_winner_counts": {
    "interceptor": 185,
    "intruder": 615
  },
  "baseline_winner_counts": {
    "interceptor": 4,
    "intruder": 796
  },
  "ops_reason_counts": {
    "active_collision": 34,
    "entered_big_circle": 556,
    "entered_small_circle": 25,
    "intercepted_before_small_circle": 184,
    "intercepted_in_big_circle": 1
  },
  "baseline_reason_counts": {
    "active_collision": 1,
    "entered_big_circle": 768,
    "entered_small_circle": 27,
    "intercepted_before_small_circle": 2,
    "intercepted_in_big_circle": 2
  },
  "episode_reward_quantiles": {
    "min": -166.368687685728,
    "q25": -103.44456622302532,
    "median": -102.1010898847878,
    "q75": -100.50046479284764,
    "max": 98.7703939819336,
    "std": 85.39997663677846
  },
  "baseline_episode_reward_quantiles": {
    "min": -192.62812611579895,
    "q25": -105.14571768343448,
    "median": -102.90562783181667,
    "q75": -101.56117028534412,
    "max": 97.5587364307046,
    "std": 24.104218696186418
  },
  "acceptance": {
    "process_pass": true,
    "engineering_pass": false,
    "paper_like_pass": false,
    "judgement": "仅达到流程过关：链路已跑通，但相对 baseline 的收益仍不足。"
  },
  "figures": [
    "runs/continuous_sam_confirm_msbest_is0p03_us0p016_cr0p08_ts1500000_s44_samth10_dc0p01_wu30_cd80_mg0p35_nv0p001_mx8_oufalse/20260514_214053/analysis/sam_uncertainty_analysis.png"
  ]
}