{
  "output_dir": "runs/continuous_response_reward_attacksafe_is0p03_us0p016_cr0p08_ts1500000_s42/20260517_222612/analysis",
  "episodes": 800,
  "total_steps": 32176,
  "baseline_total_steps": 42816,
  "mean_episode_length": 40.22,
  "baseline_mean_episode_length": 53.52,
  "mean_episode_reward": -67.76010252568096,
  "baseline_mean_episode_reward": -164.37207020974364,
  "reward_improvement": 96.61196768406268,
  "interceptor_win_rate": 0.33,
  "baseline_interceptor_win_rate": 0.0,
  "win_rate_improvement": 0.33,
  "response_policy_accuracy": 0.9937531079065142,
  "switch_count": 0,
  "accuracy_by_intruder_policy": {
    "attack": 0.99375,
    "detour": 0.99375,
    "direct": 0.9937593144560357
  },
  "intruder_policy_step_counts": {
    "attack": 10720,
    "detour": 10720,
    "direct": 10736
  },
  "ops_winner_counts": {
    "interceptor": 264,
    "intruder": 536
  },
  "baseline_winner_counts": {
    "intruder": 800
  },
  "ops_reason_counts": {
    "active_collision": 20,
    "entered_big_circle": 507,
    "entered_small_circle": 9,
    "intercepted_before_small_circle": 261,
    "intercepted_in_big_circle": 3
  },
  "baseline_reason_counts": {
    "active_collision": 1,
    "entered_big_circle": 766,
    "entered_small_circle": 33
  },
  "episode_reward_quantiles": {
    "min": -227.78275121241808,
    "q25": -155.07886834591625,
    "median": -152.2507322347164,
    "q75": 114.63658001799136,
    "max": 120.18222360279412,
    "std": 129.19328574509322
  },
  "baseline_episode_reward_quantiles": {
    "min": -284.1583070248365,
    "q25": -158.6863157528639,
    "median": -155.26437787652014,
    "q75": -152.6740444600582,
    "max": -150.51518038868903,
    "std": 26.705924322363344
  },
  "acceptance": {
    "process_pass": true,
    "engineering_pass": true,
    "paper_like_pass": true,
    "judgement": "达到接近论文效果的候选标准，可继续做多 seed 与参数敏感性验证。"
  },
  "figures": []
}