{
  "episodes": 800,
  "mean_episode_reward": -64.44637337988213,
  "std_episode_reward": 115.49502262678033,
  "interceptor_win_rate": 0.33125,
  "response_policy_accuracy": 0.9937670553212602,
  "detector_method": "oracle",
  "switch_count": 0,
  "baseline_mean_episode_reward": -145.26804141833298,
  "baseline_std_episode_reward": 26.975754896882727,
  "baseline_interceptor_win_rate": 0.00625
}