{
  "output_dir": "/mnt/users/xj62kv/reinforcement-learning-strategy/runs/continuous_sam_tune_is0p03_us0p016_cr0p08_ts300000_s42_samth12_dc0p02_wu40_cd80_mg0p5_nv0p0005_mx8_oufalse/20260514_015210/analysis",
  "episodes": 300,
  "total_steps": 11651,
  "baseline_total_steps": 14509,
  "mean_episode_length": 38.836666666666666,
  "baseline_mean_episode_length": 48.36333333333334,
  "mean_episode_reward": -73.90047600646204,
  "baseline_mean_episode_reward": -105.95892317854663,
  "reward_improvement": 32.058447172084584,
  "interceptor_win_rate": 0.15666666666666668,
  "baseline_interceptor_win_rate": 0.013333333333333334,
  "win_rate_improvement": 0.14333333333333334,
  "response_policy_accuracy": 0.3500128744313793,
  "switch_count": 11,
  "accuracy_by_intruder_policy": {
    "attack": 0.4791666666666667,
    "detour": 0.5,
    "direct": 0.0800805842357089
  },
  "intruder_policy_step_counts": {
    "attack": 3840,
    "detour": 3840,
    "direct": 3971
  },
  "ops_winner_counts": {
    "interceptor": 47,
    "intruder": 253
  },
  "baseline_winner_counts": {
    "interceptor": 4,
    "intruder": 296
  },
  "ops_reason_counts": {
    "active_collision": 16,
    "entered_big_circle": 219,
    "entered_small_circle": 18,
    "intercepted_before_small_circle": 47
  },
  "baseline_reason_counts": {
    "active_collision": 24,
    "entered_big_circle": 265,
    "entered_small_circle": 7,
    "intercepted_before_small_circle": 3,
    "intercepted_in_big_circle": 1
  },
  "episode_reward_quantiles": {
    "min": -167.41845892935987,
    "q25": -104.00733538746833,
    "median": -102.55572920322419,
    "q75": -101.13331274092198,
    "max": 98.10636214494706,
    "std": 74.17783969119019
  },
  "baseline_episode_reward_quantiles": {
    "min": -179.1565157097578,
    "q25": -105.17827001035214,
    "median": -103.15095399081707,
    "q75": -101.77887487411499,
    "max": 97.57403432935476,
    "std": 28.605434383111486
  },
  "acceptance": {
    "process_pass": true,
    "engineering_pass": false,
    "paper_like_pass": false,
    "judgement": "仅达到流程过关：链路已跑通，但相对 baseline 的收益仍不足。"
  },
  "figures": [
    "/mnt/users/xj62kv/reinforcement-learning-strategy/runs/continuous_sam_tune_is0p03_us0p016_cr0p08_ts300000_s42_samth12_dc0p02_wu40_cd80_mg0p5_nv0p0005_mx8_oufalse/20260514_015210/analysis/sam_uncertainty_analysis.png"
  ]
}