{
  "output_dir": "runs/continuous_sam_multiseed_tune_is0p03_us0p016_cr0p08_ts300000_s42_samth8_dc0p02_wu20_cd40_mg0p2_nv0p0005_mx8_fmgeometry_oufalse/20260516_030634/analysis",
  "episodes": 300,
  "total_steps": 11104,
  "baseline_total_steps": 14509,
  "mean_episode_length": 37.013333333333335,
  "baseline_mean_episode_length": 48.36333333333334,
  "mean_episode_reward": -50.78977809263878,
  "baseline_mean_episode_reward": -105.95892317854663,
  "reward_improvement": 55.16914508590785,
  "interceptor_win_rate": 0.26666666666666666,
  "baseline_interceptor_win_rate": 0.013333333333333334,
  "win_rate_improvement": 0.25333333333333335,
  "response_policy_accuracy": 0.6693984149855908,
  "switch_count": 100,
  "accuracy_by_intruder_policy": {
    "attack": 0.5597826086956522,
    "detour": 0.9244565217391304,
    "direct": 0.5264423076923077
  },
  "intruder_policy_step_counts": {
    "attack": 3680,
    "detour": 3680,
    "direct": 3744
  },
  "ops_winner_counts": {
    "interceptor": 80,
    "intruder": 220
  },
  "baseline_winner_counts": {
    "interceptor": 4,
    "intruder": 296
  },
  "ops_reason_counts": {
    "active_collision": 12,
    "entered_big_circle": 204,
    "entered_small_circle": 4,
    "intercepted_before_small_circle": 79,
    "intercepted_in_big_circle": 1
  },
  "baseline_reason_counts": {
    "active_collision": 24,
    "entered_big_circle": 265,
    "entered_small_circle": 7,
    "intercepted_before_small_circle": 3,
    "intercepted_in_big_circle": 1
  },
  "episode_reward_quantiles": {
    "min": -125.68456313580276,
    "q25": -104.33004039287567,
    "median": -102.21135519325733,
    "q75": 93.22466882361098,
    "max": 98.24214141339064,
    "std": 88.75939178267743
  },
  "baseline_episode_reward_quantiles": {
    "min": -179.1565157097578,
    "q25": -105.17827001035214,
    "median": -103.15095399081707,
    "q75": -101.77887487411499,
    "max": 97.57403432935476,
    "std": 28.605434383111486
  },
  "acceptance": {
    "process_pass": true,
    "engineering_pass": false,
    "paper_like_pass": false,
    "judgement": "仅达到流程过关：链路已跑通，但相对 baseline 的收益仍不足。"
  },
  "figures": [
    "runs/continuous_sam_multiseed_tune_is0p03_us0p016_cr0p08_ts300000_s42_samth8_dc0p02_wu20_cd40_mg0p2_nv0p0005_mx8_fmgeometry_oufalse/20260516_030634/analysis/sam_uncertainty_analysis.png"
  ]
}