{
  "output_dir": "runs/continuous_sam_geometry_narrow_tune_is0p03_us0p016_cr0p08_ts300000_s42_samth10_dc0p02_wu20_cd80_mg0p3_nv0p0005_mx8_fmgeometry_oufalse/20260516_074140/analysis",
  "episodes": 300,
  "total_steps": 11985,
  "baseline_total_steps": 14509,
  "mean_episode_length": 39.95,
  "baseline_mean_episode_length": 48.36333333333334,
  "mean_episode_reward": -62.56260919750109,
  "baseline_mean_episode_reward": -105.95892317854663,
  "reward_improvement": 43.39631398104554,
  "interceptor_win_rate": 0.21,
  "baseline_interceptor_win_rate": 0.013333333333333334,
  "win_rate_improvement": 0.19666666666666666,
  "response_policy_accuracy": 0.6428035043804756,
  "switch_count": 74,
  "accuracy_by_intruder_policy": {
    "attack": 0.6828901154039136,
    "detour": 0.7675,
    "direct": 0.47811952988247064
  },
  "intruder_policy_step_counts": {
    "attack": 3986,
    "detour": 4000,
    "direct": 3999
  },
  "ops_winner_counts": {
    "interceptor": 63,
    "intruder": 237
  },
  "baseline_winner_counts": {
    "interceptor": 4,
    "intruder": 296
  },
  "ops_reason_counts": {
    "active_collision": 13,
    "entered_big_circle": 212,
    "entered_small_circle": 12,
    "intercepted_before_small_circle": 63
  },
  "baseline_reason_counts": {
    "active_collision": 24,
    "entered_big_circle": 265,
    "entered_small_circle": 7,
    "intercepted_before_small_circle": 3,
    "intercepted_in_big_circle": 1
  },
  "episode_reward_quantiles": {
    "min": -161.8348638358711,
    "q25": -104.40081038653851,
    "median": -102.52548005342483,
    "q75": -100.7817779839039,
    "max": 98.17707700192928,
    "std": 81.83030524128509
  },
  "baseline_episode_reward_quantiles": {
    "min": -179.1565157097578,
    "q25": -105.17827001035214,
    "median": -103.15095399081707,
    "q75": -101.77887487411499,
    "max": 97.57403432935476,
    "std": 28.605434383111486
  },
  "acceptance": {
    "process_pass": true,
    "engineering_pass": false,
    "paper_like_pass": false,
    "judgement": "仅达到流程过关：链路已跑通，但相对 baseline 的收益仍不足。"
  },
  "figures": [
    "runs/continuous_sam_geometry_narrow_tune_is0p03_us0p016_cr0p08_ts300000_s42_samth10_dc0p02_wu20_cd80_mg0p3_nv0p0005_mx8_fmgeometry_oufalse/20260516_074140/analysis/sam_uncertainty_analysis.png"
  ]
}