{
  "output_dir": "runs/continuous_sam_multiseed_tune_is0p03_us0p016_cr0p08_ts300000_s43_samth10_dc0p01_wu30_cd80_mg0p35_nv0p001_mx8_oufalse/20260514_082532/analysis",
  "episodes": 300,
  "total_steps": 9236,
  "baseline_total_steps": 12506,
  "mean_episode_length": 30.786666666666665,
  "baseline_mean_episode_length": 41.68666666666667,
  "mean_episode_reward": -61.05802699482888,
  "baseline_mean_episode_reward": -91.28706244442874,
  "reward_improvement": 30.229035449599863,
  "interceptor_win_rate": 0.21,
  "baseline_interceptor_win_rate": 0.07,
  "win_rate_improvement": 0.13999999999999999,
  "response_policy_accuracy": 0.3290385448245994,
  "switch_count": 1,
  "accuracy_by_intruder_policy": {
    "attack": 0.0,
    "detour": 0.9473684210526315,
    "direct": 0.05038022813688213
  },
  "intruder_policy_step_counts": {
    "attack": 3040,
    "detour": 3040,
    "direct": 3156
  },
  "ops_winner_counts": {
    "interceptor": 63,
    "intruder": 237
  },
  "baseline_winner_counts": {
    "interceptor": 21,
    "intruder": 279
  },
  "ops_reason_counts": {
    "active_collision": 49,
    "entered_big_circle": 186,
    "entered_small_circle": 2,
    "intercepted_before_small_circle": 63
  },
  "baseline_reason_counts": {
    "active_collision": 30,
    "entered_big_circle": 244,
    "entered_small_circle": 5,
    "intercepted_before_small_circle": 21
  },
  "episode_reward_quantiles": {
    "min": -110.88898685619236,
    "q25": -103.75823553703725,
    "median": -102.54160967111586,
    "q75": -100.6021660014987,
    "max": 98.09586434274912,
    "std": 81.34331259412468
  },
  "baseline_episode_reward_quantiles": {
    "min": -148.24408061027526,
    "q25": -104.89734228551387,
    "median": -103.22114723369478,
    "q75": -101.45295288532972,
    "max": 98.37740521669387,
    "std": 51.554411488168036
  },
  "acceptance": {
    "process_pass": true,
    "engineering_pass": false,
    "paper_like_pass": false,
    "judgement": "仅达到流程过关：链路已跑通，但相对 baseline 的收益仍不足。"
  },
  "figures": [
    "runs/continuous_sam_multiseed_tune_is0p03_us0p016_cr0p08_ts300000_s43_samth10_dc0p01_wu30_cd80_mg0p35_nv0p001_mx8_oufalse/20260514_082532/analysis/sam_uncertainty_analysis.png"
  ]
}