{
  "episodes": 300,
  "mean_episode_reward": -103.83976718799771,
  "std_episode_reward": 21.794891210634024,
  "interceptor_win_rate": 0.01,
  "response_policy_accuracy": 0.33665008291873966,
  "detector_method": "sam",
  "switch_count": 0,
  "baseline_mean_episode_reward": -109.7845787092924,
  "baseline_std_episode_reward": 18.43891505962868,
  "baseline_interceptor_win_rate": 0.0
}