{
  "output_dir": "runs/continuous_sam_geometry_confirm_balanced_is0p03_us0p016_cr0p08_ts1500000_s42_samth12_dc0p02_wu30_cd80_mg0p5_nv0p0005_mx8_fmgeometry_oufalse/20260515_234903/analysis",
  "episodes": 800,
  "total_steps": 34109,
  "baseline_total_steps": 39432,
  "mean_episode_length": 42.63625,
  "baseline_mean_episode_length": 49.29,
  "mean_episode_reward": -85.41984901764751,
  "baseline_mean_episode_reward": -108.67576642323061,
  "reward_improvement": 23.255917405583105,
  "interceptor_win_rate": 0.10625,
  "baseline_interceptor_win_rate": 0.0,
  "win_rate_improvement": 0.10625,
  "response_policy_accuracy": 0.38851915916620244,
  "switch_count": 61,
  "accuracy_by_intruder_policy": {
    "attack": 0.4440140845070423,
    "detour": 0.31382042253521125,
    "direct": 0.4076740714724734
  },
  "intruder_policy_step_counts": {
    "attack": 11360,
    "detour": 11360,
    "direct": 11389
  },
  "ops_winner_counts": {
    "interceptor": 85,
    "intruder": 715
  },
  "baseline_winner_counts": {
    "intruder": 800
  },
  "ops_reason_counts": {
    "active_collision": 30,
    "entered_big_circle": 633,
    "entered_small_circle": 52,
    "intercepted_before_small_circle": 85
  },
  "baseline_reason_counts": {
    "active_collision": 57,
    "entered_big_circle": 742,
    "entered_small_circle": 1
  },
  "episode_reward_quantiles": {
    "min": -191.6796260187029,
    "q25": -104.73872936189174,
    "median": -102.72190248727799,
    "q75": -101.26524539709092,
    "max": 98.81979400634764,
    "std": 64.12361951822483
  },
  "baseline_episode_reward_quantiles": {
    "min": -181.79789577811954,
    "q25": -104.8325478860736,
    "median": -103.03197339475156,
    "q75": -101.70750923544168,
    "max": -100.38095875263214,
    "std": 17.0381083607004
  },
  "acceptance": {
    "process_pass": true,
    "engineering_pass": false,
    "paper_like_pass": false,
    "judgement": "仅达到流程过关：链路已跑通，但相对 baseline 的收益仍不足。"
  },
  "figures": [
    "runs/continuous_sam_geometry_confirm_balanced_is0p03_us0p016_cr0p08_ts1500000_s42_samth12_dc0p02_wu30_cd80_mg0p5_nv0p0005_mx8_fmgeometry_oufalse/20260515_234903/analysis/sam_uncertainty_analysis.png"
  ]
}