{
  "episodes": 800,
  "mean_episode_reward": -53.23711132116059,
  "std_episode_reward": 103.94359725446849,
  "interceptor_win_rate": 0.3225,
  "response_policy_accuracy": 0.9937554264342483,
  "detector_method": "oracle",
  "switch_count": 0,
  "baseline_mean_episode_reward": -105.10536871910121,
  "baseline_std_episode_reward": 65.14182954917997,
  "baseline_interceptor_win_rate": 0.0925
}