{
  "episodes": 300,
  "mean_episode_reward": -49.32381270578951,
  "std_episode_reward": 90.03830916162221,
  "interceptor_win_rate": 0.27666666666666667,
  "response_policy_accuracy": 0.9938276685046499,
  "baseline_mean_episode_reward": -88.78061861067451,
  "baseline_std_episode_reward": 52.95065163093762,
  "baseline_interceptor_win_rate": 0.07666666666666666
}