{
  "output_dir": "/mnt/users/xj62kv/reinforcement-learning-strategy/runs/continuous_confirm_is0p03_us0p016_cr0p08_ts1500000_s42/20260513_090131/analysis",
  "episodes": 800,
  "total_steps": 31249,
  "baseline_total_steps": 39432,
  "mean_episode_length": 39.06125,
  "baseline_mean_episode_length": 49.29,
  "mean_episode_reward": -38.99147737300141,
  "baseline_mean_episode_reward": -108.67576642323061,
  "reward_improvement": 69.68428905022921,
  "interceptor_win_rate": 0.325,
  "baseline_interceptor_win_rate": 0.0,
  "win_rate_improvement": 0.325,
  "response_policy_accuracy": 0.99375980031361,
  "accuracy_by_intruder_policy": {
    "attack": 0.99375,
    "detour": 0.99375,
    "direct": 0.9937793090247871
  },
  "intruder_policy_step_counts": {
    "attack": 10400,
    "detour": 10400,
    "direct": 10449
  },
  "ops_winner_counts": {
    "interceptor": 260,
    "intruder": 540
  },
  "baseline_winner_counts": {
    "intruder": 800
  },
  "ops_reason_counts": {
    "active_collision": 7,
    "entered_big_circle": 523,
    "entered_small_circle": 10,
    "intercepted_before_small_circle": 255,
    "intercepted_in_big_circle": 4,
    "passive_intercept": 1
  },
  "baseline_reason_counts": {
    "active_collision": 57,
    "entered_big_circle": 742,
    "entered_small_circle": 1
  },
  "episode_reward_quantiles": {
    "min": -149.44356716305015,
    "q25": -103.35398528456687,
    "median": -101.5849463534355,
    "q75": 96.05687367171049,
    "max": 99.02529566854238,
    "std": 94.32197772986608
  },
  "baseline_episode_reward_quantiles": {
    "min": -181.79789577811954,
    "q25": -104.8325478860736,
    "median": -103.03197339475156,
    "q75": -101.70750923544168,
    "max": -100.38095875263214,
    "std": 17.0381083607004
  },
  "acceptance": {
    "process_pass": true,
    "engineering_pass": true,
    "paper_like_pass": true,
    "judgement": "达到接近论文效果的候选标准，可继续做多 seed 与参数敏感性验证。"
  }
}