{
  "output_dir": "runs/continuous_sam_multiseed_tune_is0p03_us0p016_cr0p08_ts300000_s44_samth14_dc0p02_wu40_cd120_mg0p75_nv0p0005_mx8_oufalse/20260514_092733/analysis",
  "episodes": 300,
  "total_steps": 12060,
  "baseline_total_steps": 16394,
  "mean_episode_length": 40.2,
  "baseline_mean_episode_length": 54.64666666666667,
  "mean_episode_reward": -103.83976718799771,
  "baseline_mean_episode_reward": -109.7845787092924,
  "reward_improvement": 5.944811521294696,
  "interceptor_win_rate": 0.01,
  "baseline_interceptor_win_rate": 0.0,
  "win_rate_improvement": 0.01,
  "response_policy_accuracy": 0.33665008291873966,
  "switch_count": 0,
  "accuracy_by_intruder_policy": {
    "attack": 0.0,
    "detour": 0.0,
    "direct": 1.0
  },
  "intruder_policy_step_counts": {
    "attack": 4000,
    "detour": 4000,
    "direct": 4060
  },
  "ops_winner_counts": {
    "interceptor": 3,
    "intruder": 297
  },
  "baseline_winner_counts": {
    "intruder": 300
  },
  "ops_reason_counts": {
    "active_collision": 31,
    "entered_big_circle": 243,
    "entered_small_circle": 23,
    "intercepted_before_small_circle": 2,
    "intercepted_in_big_circle": 1
  },
  "baseline_reason_counts": {
    "active_collision": 9,
    "entered_big_circle": 285,
    "entered_small_circle": 6
  },
  "episode_reward_quantiles": {
    "min": -158.28428020268672,
    "q25": -105.6010163462162,
    "median": -103.75526546314359,
    "q75": -101.90165811657906,
    "max": 97.82896985203028,
    "std": 21.794891210634024
  },
  "baseline_episode_reward_quantiles": {
    "min": -182.99669804394244,
    "q25": -105.54739215523006,
    "median": -103.33283398985863,
    "q75": -101.69503080427647,
    "max": -100.41263511061669,
    "std": 18.438915059628716
  },
  "acceptance": {
    "process_pass": true,
    "engineering_pass": false,
    "paper_like_pass": false,
    "judgement": "仅达到流程过关：链路已跑通，但相对 baseline 的收益仍不足。"
  },
  "figures": [
    "runs/continuous_sam_multiseed_tune_is0p03_us0p016_cr0p08_ts300000_s44_samth14_dc0p02_wu40_cd120_mg0p75_nv0p0005_mx8_oufalse/20260514_092733/analysis/sam_uncertainty_analysis.png"
  ]
}