{
  "episodes": 800,
  "mean_episode_reward": -49.07726538244675,
  "std_episode_reward": 89.95826312942319,
  "interceptor_win_rate": 0.275,
  "response_policy_accuracy": 0.6838443436444869,
  "detector_method": "sam",
  "switch_count": 243,
  "baseline_mean_episode_reward": -108.67576642323061,
  "baseline_std_episode_reward": 17.038108360700377,
  "baseline_interceptor_win_rate": 0.0
}