{
  "episodes": 300,
  "mean_episode_reward": -96.066333640901,
  "std_episode_reward": 89.26005764443853,
  "interceptor_win_rate": 0.16,
  "response_policy_accuracy": 0.4959104938271605,
  "detector_method": "sam",
  "switch_count": 55,
  "baseline_mean_episode_reward": -135.15575196978006,
  "baseline_std_episode_reward": 42.85528115569868,
  "baseline_interceptor_win_rate": 0.0033333333333333335
}