{
  "episodes": 800,
  "mean_episode_reward": -60.6215421838446,
  "std_episode_reward": 130.73013000015473,
  "interceptor_win_rate": 0.35375,
  "response_policy_accuracy": 0.993754251437759,
  "detector_method": "oracle",
  "switch_count": 0,
  "baseline_mean_episode_reward": -96.3485576817421,
  "baseline_std_episode_reward": 113.58213016877694,
  "baseline_interceptor_win_rate": 0.22
}