{
  "episodes": 1000,
  "mean_episode_reward": 91.473,
  "std_episode_reward": 4.445140155270698,
  "aop_accuracy": 0.9352051835853131,
  "response_policy_accuracy": 0.9252459803215742,
  "switch_count": 83,
  "baseline_mean_episode_reward": 91.117,
  "baseline_std_episode_reward": 4.17651900510461
}