{
  "episodes": 800,
  "mean_episode_reward": -39.50421826762513,
  "std_episode_reward": 94.3322010060683,
  "interceptor_win_rate": 0.3225,
  "response_policy_accuracy": 0.9937542474353581,
  "baseline_mean_episode_reward": -109.12202236779572,
  "baseline_std_episode_reward": 24.104218696186386,
  "baseline_interceptor_win_rate": 0.005
}