{
  "episodes": 800,
  "mean_episode_reward": -50.77360009784721,
  "std_episode_reward": 104.02753213818043,
  "interceptor_win_rate": 0.32875,
  "response_policy_accuracy": 0.9937534931124042,
  "detector_method": "oracle",
  "switch_count": 0,
  "baseline_mean_episode_reward": -133.55965332320378,
  "baseline_std_episode_reward": 34.62141804083982,
  "baseline_interceptor_win_rate": 0.0
}