{
  "episodes": 800,
  "mean_episode_reward": -40.038114464959314,
  "std_episode_reward": 94.43679872983837,
  "interceptor_win_rate": 0.32125,
  "response_policy_accuracy": 0.9937568034833835,
  "detector_method": "oracle",
  "switch_count": 0,
  "baseline_mean_episode_reward": -109.12202236779572,
  "baseline_std_episode_reward": 24.104218696186386,
  "baseline_interceptor_win_rate": 0.005
}