{
  "output_dir": "runs/continuous_response_policy_reward_dguard_achase_is0p03_us0p016_cr0p08_ts1500000_s44/20260518_021148/analysis",
  "episodes": 800,
  "total_steps": 30845,
  "baseline_total_steps": 28843,
  "mean_episode_length": 38.55625,
  "baseline_mean_episode_length": 36.05375,
  "mean_episode_reward": -53.39232530378386,
  "baseline_mean_episode_reward": -71.344546756732,
  "reward_improvement": 17.952221452948137,
  "interceptor_win_rate": 0.325,
  "baseline_interceptor_win_rate": 0.23375,
  "win_rate_improvement": 0.09125,
  "response_policy_accuracy": 0.9937753282541741,
  "switch_count": 0,
  "accuracy_by_intruder_policy": {
    "attack": 0.99375,
    "detour": 0.99375,
    "direct": 0.9938253738543175
  },
  "intruder_policy_step_counts": {
    "attack": 10240,
    "detour": 10240,
    "direct": 10365
  },
  "ops_winner_counts": {
    "interceptor": 260,
    "intruder": 540
  },
  "baseline_winner_counts": {
    "interceptor": 187,
    "intruder": 613
  },
  "ops_reason_counts": {
    "active_collision": 15,
    "entered_big_circle": 525,
    "intercepted_before_small_circle": 256,
    "intercepted_in_big_circle": 4
  },
  "baseline_reason_counts": {
    "active_collision": 40,
    "entered_big_circle": 567,
    "entered_small_circle": 6,
    "intercepted_before_small_circle": 186,
    "passive_intercept": 1
  },
  "episode_reward_quantiles": {
    "min": -183.04794404506683,
    "q25": -122.28607885189355,
    "median": -121.1575241971016,
    "q75": 96.4358921001479,
    "max": 119.58712573919443,
    "std": 105.06954951476988
  },
  "baseline_episode_reward_quantiles": {
    "min": -137.22881049007177,
    "q25": -122.46386318311094,
    "median": -121.41992302000523,
    "q75": -120.39925209268927,
    "max": 116.85740745693445,
    "std": 93.22550997659786
  },
  "acceptance": {
    "process_pass": true,
    "engineering_pass": true,
    "paper_like_pass": true,
    "judgement": "达到接近论文效果的候选标准，可继续做多 seed 与参数敏感性验证。"
  },
  "figures": []
}