{
  "output_dir": "/mnt/users/xj62kv/reinforcement-learning-strategy/runs/continuous_sweep_is0p03_us0p018_cr0p08_ts300000_s42/20260513_043225/analysis",
  "episodes": 300,
  "total_steps": 13537,
  "baseline_total_steps": 12548,
  "mean_episode_length": 45.123333333333335,
  "baseline_mean_episode_length": 41.82666666666667,
  "mean_episode_reward": -103.57524019251665,
  "baseline_mean_episode_reward": -81.6166285523211,
  "reward_improvement": -21.958611640195542,
  "interceptor_win_rate": 0.013333333333333334,
  "baseline_interceptor_win_rate": 0.11333333333333333,
  "win_rate_improvement": -0.09999999999999999,
  "response_policy_accuracy": 0.9937947846642535,
  "accuracy_by_intruder_policy": {
    "attack": 0.99375,
    "detour": 0.99375,
    "direct": 0.9938824557570461
  },
  "intruder_policy_step_counts": {
    "attack": 4480,
    "detour": 4480,
    "direct": 4577
  },
  "ops_winner_counts": {
    "interceptor": 4,
    "intruder": 296
  },
  "baseline_winner_counts": {
    "interceptor": 34,
    "intruder": 266
  },
  "ops_reason_counts": {
    "active_collision": 12,
    "entered_big_circle": 274,
    "entered_small_circle": 10,
    "intercepted_before_small_circle": 4
  },
  "baseline_reason_counts": {
    "active_collision": 18,
    "entered_big_circle": 244,
    "entered_small_circle": 4,
    "intercepted_before_small_circle": 33,
    "intercepted_in_big_circle": 1
  },
  "episode_reward_quantiles": {
    "min": -148.31352312147607,
    "q25": -104.10318061113358,
    "median": -102.779167522192,
    "q75": -101.62194227695466,
    "max": 96.28383221834898,
    "std": 25.235972301255185
  },
  "baseline_episode_reward_quantiles": {
    "min": -127.72231740921735,
    "q25": -104.51342868357897,
    "median": -102.8975273156166,
    "q75": -101.25297469079494,
    "max": 97.94596740156412,
    "std": 62.967620958016454
  },
  "acceptance": {
    "process_pass": true,
    "engineering_pass": false,
    "paper_like_pass": false,
    "judgement": "仅达到流程过关：链路已跑通，但相对 baseline 的收益仍不足。"
  }
}