{
  "episodes": 800,
  "mean_episode_reward": -104.4049764236138,
  "std_episode_reward": 23.819613800640816,
  "interceptor_win_rate": 0.01,
  "response_policy_accuracy": 0.334623270858001,
  "detector_method": "sam",
  "switch_count": 0,
  "baseline_mean_episode_reward": -55.589529042089396,
  "baseline_std_episode_reward": 84.56145750393645,
  "baseline_interceptor_win_rate": 0.235
}