{
  "output_dir": "/mnt/users/xj62kv/reinforcement-learning-strategy/runs/continuous_sam_tune_is0p03_us0p016_cr0p08_ts300000_s42_samth16_dc0p02_wu40_cd120_mg1_nv0p0005_mx8_oufalse/20260514_015204/analysis",
  "episodes": 300,
  "total_steps": 10323,
  "baseline_total_steps": 14509,
  "mean_episode_length": 34.41,
  "baseline_mean_episode_length": 48.36333333333334,
  "mean_episode_reward": -55.83891612291933,
  "baseline_mean_episode_reward": -105.95892317854663,
  "reward_improvement": 50.1200070556273,
  "interceptor_win_rate": 0.23666666666666666,
  "baseline_interceptor_win_rate": 0.013333333333333334,
  "win_rate_improvement": 0.22333333333333333,
  "response_policy_accuracy": 0.33352707546255933,
  "switch_count": 1,
  "accuracy_by_intruder_policy": {
    "attack": 0.0,
    "detour": 0.8606271777003485,
    "direct": 0.13611821540210287
  },
  "intruder_policy_step_counts": {
    "attack": 3360,
    "detour": 3444,
    "direct": 3519
  },
  "ops_winner_counts": {
    "interceptor": 71,
    "intruder": 229
  },
  "baseline_winner_counts": {
    "interceptor": 4,
    "intruder": 296
  },
  "ops_reason_counts": {
    "active_collision": 16,
    "entered_big_circle": 201,
    "entered_small_circle": 12,
    "intercepted_before_small_circle": 71
  },
  "baseline_reason_counts": {
    "active_collision": 24,
    "entered_big_circle": 265,
    "entered_small_circle": 7,
    "intercepted_before_small_circle": 3,
    "intercepted_in_big_circle": 1
  },
  "episode_reward_quantiles": {
    "min": -130.50563314616684,
    "q25": -103.45174866169691,
    "median": -102.1409307950735,
    "q75": -100.56936462640763,
    "max": 98.7601463212818,
    "std": 85.05158622246302
  },
  "baseline_episode_reward_quantiles": {
    "min": -179.1565157097578,
    "q25": -105.17827001035214,
    "median": -103.15095399081707,
    "q75": -101.77887487411499,
    "max": 97.57403432935476,
    "std": 28.605434383111486
  },
  "acceptance": {
    "process_pass": true,
    "engineering_pass": false,
    "paper_like_pass": false,
    "judgement": "仅达到流程过关：链路已跑通，但相对 baseline 的收益仍不足。"
  },
  "figures": [
    "/mnt/users/xj62kv/reinforcement-learning-strategy/runs/continuous_sam_tune_is0p03_us0p016_cr0p08_ts300000_s42_samth16_dc0p02_wu40_cd120_mg1_nv0p0005_mx8_oufalse/20260514_015204/analysis/sam_uncertainty_analysis.png"
  ]
}