{
  "output_dir": "runs/continuous_sam_multiseed_tune_is0p03_us0p016_cr0p08_ts300000_s42_samth12_dc0p02_wu30_cd80_mg0p5_nv0p0005_mx8_fmgeometry_oufalse/20260515_202414/analysis",
  "episodes": 300,
  "total_steps": 12589,
  "baseline_total_steps": 14509,
  "mean_episode_length": 41.96333333333333,
  "baseline_mean_episode_length": 48.36333333333334,
  "mean_episode_reward": -70.70009945468095,
  "baseline_mean_episode_reward": -105.95892317854663,
  "reward_improvement": 35.258823723865675,
  "interceptor_win_rate": 0.17333333333333334,
  "baseline_interceptor_win_rate": 0.013333333333333334,
  "win_rate_improvement": 0.16,
  "response_policy_accuracy": 0.44006672491857973,
  "switch_count": 31,
  "accuracy_by_intruder_policy": {
    "attack": 0.3435096153846154,
    "detour": 0.5288461538461539,
    "direct": 0.4476458186929023
  },
  "intruder_policy_step_counts": {
    "attack": 4160,
    "detour": 4160,
    "direct": 4269
  },
  "ops_winner_counts": {
    "interceptor": 52,
    "intruder": 248
  },
  "baseline_winner_counts": {
    "interceptor": 4,
    "intruder": 296
  },
  "ops_reason_counts": {
    "active_collision": 16,
    "entered_big_circle": 222,
    "entered_small_circle": 10,
    "intercepted_before_small_circle": 52
  },
  "baseline_reason_counts": {
    "active_collision": 24,
    "entered_big_circle": 265,
    "entered_small_circle": 7,
    "intercepted_before_small_circle": 3,
    "intercepted_in_big_circle": 1
  },
  "episode_reward_quantiles": {
    "min": -184.89325996369115,
    "q25": -104.14847618222235,
    "median": -102.57817689180374,
    "q75": -101.12138625651599,
    "max": 98.3337255012989,
    "std": 76.82201311037157
  },
  "baseline_episode_reward_quantiles": {
    "min": -179.1565157097578,
    "q25": -105.17827001035214,
    "median": -103.15095399081707,
    "q75": -101.77887487411499,
    "max": 97.57403432935476,
    "std": 28.605434383111486
  },
  "acceptance": {
    "process_pass": true,
    "engineering_pass": false,
    "paper_like_pass": false,
    "judgement": "仅达到流程过关：链路已跑通，但相对 baseline 的收益仍不足。"
  },
  "figures": [
    "runs/continuous_sam_multiseed_tune_is0p03_us0p016_cr0p08_ts300000_s42_samth12_dc0p02_wu30_cd80_mg0p5_nv0p0005_mx8_fmgeometry_oufalse/20260515_202414/analysis/sam_uncertainty_analysis.png"
  ]
}