{
  "episodes": 800,
  "mean_episode_reward": -49.294579651381746,
  "std_episode_reward": 112.91130293723168,
  "interceptor_win_rate": 0.32375,
  "response_policy_accuracy": 0.9937835737693841,
  "detector_method": "oracle",
  "switch_count": 0,
  "baseline_mean_episode_reward": -88.5660800480323,
  "baseline_std_episode_reward": 86.52990256073257,
  "baseline_interceptor_win_rate": 0.15875
}