{
  "output_dir": "runs/continuous_sam_multiseed_tune_is0p03_us0p016_cr0p08_ts300000_s42_samth8_dc0p02_wu20_cd40_mg0p2_nv0p0005_mx8_oufalse/20260514_074723/analysis",
  "episodes": 300,
  "total_steps": 12131,
  "baseline_total_steps": 14509,
  "mean_episode_length": 40.43666666666667,
  "baseline_mean_episode_length": 48.36333333333334,
  "mean_episode_reward": -81.3976741911826,
  "baseline_mean_episode_reward": -105.95892317854663,
  "reward_improvement": 24.561248987364024,
  "interceptor_win_rate": 0.12,
  "baseline_interceptor_win_rate": 0.013333333333333334,
  "win_rate_improvement": 0.10666666666666666,
  "response_policy_accuracy": 0.48091665979721376,
  "switch_count": 97,
  "accuracy_by_intruder_policy": {
    "attack": 0.4615,
    "detour": 0.48175,
    "direct": 0.4989106753812636
  },
  "intruder_policy_step_counts": {
    "attack": 4000,
    "detour": 4000,
    "direct": 4131
  },
  "ops_winner_counts": {
    "interceptor": 36,
    "intruder": 264
  },
  "baseline_winner_counts": {
    "interceptor": 4,
    "intruder": 296
  },
  "ops_reason_counts": {
    "active_collision": 17,
    "entered_big_circle": 227,
    "entered_small_circle": 20,
    "intercepted_before_small_circle": 36
  },
  "baseline_reason_counts": {
    "active_collision": 24,
    "entered_big_circle": 265,
    "entered_small_circle": 7,
    "intercepted_before_small_circle": 3,
    "intercepted_in_big_circle": 1
  },
  "episode_reward_quantiles": {
    "min": -165.55614000022396,
    "q25": -104.95638732314112,
    "median": -102.93648737430573,
    "q75": -101.39901876181364,
    "max": 98.4816082429886,
    "std": 65.99897725652633
  },
  "baseline_episode_reward_quantiles": {
    "min": -179.1565157097578,
    "q25": -105.17827001035214,
    "median": -103.15095399081707,
    "q75": -101.77887487411499,
    "max": 97.57403432935476,
    "std": 28.605434383111486
  },
  "acceptance": {
    "process_pass": true,
    "engineering_pass": false,
    "paper_like_pass": false,
    "judgement": "仅达到流程过关：链路已跑通，但相对 baseline 的收益仍不足。"
  },
  "figures": [
    "runs/continuous_sam_multiseed_tune_is0p03_us0p016_cr0p08_ts300000_s42_samth8_dc0p02_wu20_cd40_mg0p2_nv0p0005_mx8_oufalse/20260514_074723/analysis/sam_uncertainty_analysis.png"
  ]
}