{
  "episodes": 300,
  "mean_episode_reward": -101.844181228384,
  "std_episode_reward": 88.40036754880302,
  "interceptor_win_rate": 0.14666666666666667,
  "response_policy_accuracy": 0.4714409722222222,
  "detector_method": "sam",
  "switch_count": 47,
  "baseline_mean_episode_reward": -136.05396951430788,
  "baseline_std_episode_reward": 40.84700704519704,
  "baseline_interceptor_win_rate": 0.0
}