{
  "episodes": 300,
  "mean_episode_reward": -107.65988312548895,
  "std_episode_reward": 12.839977049353765,
  "interceptor_win_rate": 0.0,
  "response_policy_accuracy": 0.3353846153846154,
  "detector_method": "sam",
  "switch_count": 0,
  "baseline_mean_episode_reward": -105.95892317854663,
  "baseline_std_episode_reward": 28.605434383111472,
  "baseline_interceptor_win_rate": 0.013333333333333334
}