{
  "episodes": 300,
  "mean_episode_reward": -85.07585354955742,
  "std_episode_reward": 61.67101646408595,
  "interceptor_win_rate": 0.10333333333333333,
  "response_policy_accuracy": 0.4701468189233279,
  "detector_method": "sam",
  "switch_count": 76,
  "baseline_mean_episode_reward": -105.95892317854663,
  "baseline_std_episode_reward": 28.605434383111472,
  "baseline_interceptor_win_rate": 0.013333333333333334
}