{
  "episodes": 800,
  "mean_episode_reward": -51.59904703818432,
  "std_episode_reward": 103.56532005861439,
  "interceptor_win_rate": 0.32625,
  "response_policy_accuracy": 0.993772156750024,
  "detector_method": "oracle",
  "switch_count": 0,
  "baseline_mean_episode_reward": -127.60279424483855,
  "baseline_std_episode_reward": 20.46639781922992,
  "baseline_interceptor_win_rate": 0.0025
}