{
  "episodes": 1000,
  "mean_episode_reward": 79.977,
  "std_episode_reward": 36.66443059696959,
  "aop_accuracy": 0.6076559139784946,
  "switch_count": 2432,
  "baseline_mean_episode_reward": 90.854,
  "baseline_std_episode_reward": 4.08566812161732
}