{
  "episodes": 1000,
  "mean_episode_reward": 90.882,
  "std_episode_reward": 5.30811416606689,
  "aop_accuracy": 0.9164027149321267,
  "response_policy_accuracy": 0.906447963800905,
  "switch_count": 91,
  "baseline_mean_episode_reward": 91.233,
  "baseline_std_episode_reward": 4.075624001303359
}