{
  "output_dir": "runs/continuous_sam_geometry_narrow_tune_is0p03_us0p016_cr0p08_ts300000_s42_samth10_dc0p02_wu20_cd80_mg0p25_nv0p0005_mx8_fmgeometry_oufalse/20260516_074143/analysis",
  "episodes": 300,
  "total_steps": 11060,
  "baseline_total_steps": 14509,
  "mean_episode_length": 36.86666666666667,
  "baseline_mean_episode_length": 48.36333333333334,
  "mean_episode_reward": -53.513457571042075,
  "baseline_mean_episode_reward": -105.95892317854663,
  "reward_improvement": 52.44546560750455,
  "interceptor_win_rate": 0.25333333333333335,
  "baseline_interceptor_win_rate": 0.013333333333333334,
  "win_rate_improvement": 0.24000000000000002,
  "response_policy_accuracy": 0.6886075949367089,
  "switch_count": 73,
  "accuracy_by_intruder_policy": {
    "attack": 0.56875,
    "detour": 0.8850543478260869,
    "direct": 0.6124324324324324
  },
  "intruder_policy_step_counts": {
    "attack": 3680,
    "detour": 3680,
    "direct": 3700
  },
  "ops_winner_counts": {
    "interceptor": 76,
    "intruder": 224
  },
  "baseline_winner_counts": {
    "interceptor": 4,
    "intruder": 296
  },
  "ops_reason_counts": {
    "active_collision": 13,
    "entered_big_circle": 205,
    "entered_small_circle": 6,
    "intercepted_before_small_circle": 76
  },
  "baseline_reason_counts": {
    "active_collision": 24,
    "entered_big_circle": 265,
    "entered_small_circle": 7,
    "intercepted_before_small_circle": 3,
    "intercepted_in_big_circle": 1
  },
  "episode_reward_quantiles": {
    "min": -139.67130549013606,
    "q25": -104.33991978287696,
    "median": -102.1308538466692,
    "q75": 82.48273039229213,
    "max": 98.52964898020028,
    "std": 87.15233762263544
  },
  "baseline_episode_reward_quantiles": {
    "min": -179.1565157097578,
    "q25": -105.17827001035214,
    "median": -103.15095399081707,
    "q75": -101.77887487411499,
    "max": 97.57403432935476,
    "std": 28.605434383111486
  },
  "acceptance": {
    "process_pass": true,
    "engineering_pass": false,
    "paper_like_pass": false,
    "judgement": "仅达到流程过关：链路已跑通，但相对 baseline 的收益仍不足。"
  },
  "figures": [
    "runs/continuous_sam_geometry_narrow_tune_is0p03_us0p016_cr0p08_ts300000_s42_samth10_dc0p02_wu20_cd80_mg0p25_nv0p0005_mx8_fmgeometry_oufalse/20260516_074143/analysis/sam_uncertainty_analysis.png"
  ]
}