{
  "output_dir": "runs/continuous_sam_multiseed_tune_is0p03_us0p016_cr0p08_ts300000_s44_samth12_dc0p02_wu30_cd80_mg0p5_nv0p0005_mx8_fmgeometry_oufalse/20260515_202412/analysis",
  "episodes": 300,
  "total_steps": 12630,
  "baseline_total_steps": 16394,
  "mean_episode_length": 42.1,
  "baseline_mean_episode_length": 54.64666666666667,
  "mean_episode_reward": -96.76921770750918,
  "baseline_mean_episode_reward": -109.7845787092924,
  "reward_improvement": 13.01536100178322,
  "interceptor_win_rate": 0.04666666666666667,
  "baseline_interceptor_win_rate": 0.0,
  "win_rate_improvement": 0.04666666666666667,
  "response_policy_accuracy": 0.3411718131433096,
  "switch_count": 8,
  "accuracy_by_intruder_policy": {
    "attack": 0.1891826923076923,
    "detour": 0.7245192307692307,
    "direct": 0.11786542923433875
  },
  "intruder_policy_step_counts": {
    "attack": 4160,
    "detour": 4160,
    "direct": 4310
  },
  "ops_winner_counts": {
    "interceptor": 14,
    "intruder": 286
  },
  "baseline_winner_counts": {
    "intruder": 300
  },
  "ops_reason_counts": {
    "active_collision": 33,
    "entered_big_circle": 250,
    "entered_small_circle": 3,
    "intercepted_before_small_circle": 14
  },
  "baseline_reason_counts": {
    "active_collision": 9,
    "entered_big_circle": 285,
    "entered_small_circle": 6
  },
  "episode_reward_quantiles": {
    "min": -167.8387883564829,
    "q25": -105.42963724061846,
    "median": -103.41613680005071,
    "q75": -101.76538929849863,
    "max": 98.76235663533213,
    "std": 43.861958460569724
  },
  "baseline_episode_reward_quantiles": {
    "min": -182.99669804394244,
    "q25": -105.54739215523006,
    "median": -103.33283398985863,
    "q75": -101.69503080427647,
    "max": -100.41263511061669,
    "std": 18.438915059628716
  },
  "acceptance": {
    "process_pass": true,
    "engineering_pass": false,
    "paper_like_pass": false,
    "judgement": "仅达到流程过关：链路已跑通，但相对 baseline 的收益仍不足。"
  },
  "figures": [
    "runs/continuous_sam_multiseed_tune_is0p03_us0p016_cr0p08_ts300000_s44_samth12_dc0p02_wu30_cd80_mg0p5_nv0p0005_mx8_fmgeometry_oufalse/20260515_202412/analysis/sam_uncertainty_analysis.png"
  ]
}