{
  "episodes": 300,
  "mean_episode_reward": -95.42628701613397,
  "std_episode_reward": 45.22356807293768,
  "interceptor_win_rate": 0.05333333333333334,
  "response_policy_accuracy": 0.46459125475285173,
  "detector_method": "sam",
  "switch_count": 62,
  "baseline_mean_episode_reward": -109.7845787092924,
  "baseline_std_episode_reward": 18.43891505962868,
  "baseline_interceptor_win_rate": 0.0
}