{
  "episodes": 1000,
  "mean_episode_reward": 79.435,
  "std_episode_reward": 37.33933281407154,
  "aop_accuracy": 0.6005080440304826,
  "switch_count": 2473,
  "baseline_mean_episode_reward": 91.115,
  "baseline_std_episode_reward": 4.0548458663677955
}