{
  "output_dir": "runs/continuous_sam_geometry_reward_tune_is0p03_us0p016_cr0p08_ts300000_s43_samth14_dc0p02_wu30_cd160_mg0p75_nv0p0005_mx8_fmgeometry_oufalse_drguard_arattack_guard_safe/20260518_083429/analysis",
  "episodes": 300,
  "total_steps": 9600,
  "baseline_total_steps": 13982,
  "mean_episode_length": 32.0,
  "baseline_mean_episode_length": 46.60666666666667,
  "mean_episode_reward": -91.44970646345068,
  "baseline_mean_episode_reward": -136.05396951430788,
  "reward_improvement": 44.6042630508572,
  "interceptor_win_rate": 0.21,
  "baseline_interceptor_win_rate": 0.0,
  "win_rate_improvement": 0.21,
  "response_policy_accuracy": 0.3254166666666667,
  "switch_count": 2,
  "accuracy_by_intruder_policy": {
    "attack": 0.0734375,
    "detour": 0.853125,
    "direct": 0.0496875
  },
  "intruder_policy_step_counts": {
    "attack": 3200,
    "detour": 3200,
    "direct": 3200
  },
  "ops_winner_counts": {
    "interceptor": 63,
    "intruder": 237
  },
  "baseline_winner_counts": {
    "intruder": 300
  },
  "ops_reason_counts": {
    "active_collision": 46,
    "entered_big_circle": 189,
    "entered_small_circle": 2,
    "intercepted_before_small_circle": 63
  },
  "baseline_reason_counts": {
    "active_collision": 24,
    "entered_big_circle": 275,
    "entered_small_circle": 1
  },
  "episode_reward_quantiles": {
    "min": -250.3998780658841,
    "q25": -123.30464514389634,
    "median": -121.95858652025461,
    "q75": -120.50104269877076,
    "max": 98.33178148776292,
    "std": 103.29804135839761
  },
  "baseline_episode_reward_quantiles": {
    "min": -302.4703647017479,
    "q25": -125.664673037529,
    "median": -123.48831409871579,
    "q75": -121.55552087426184,
    "max": -120.35294321954251,
    "std": 40.84700704519704
  },
  "acceptance": {
    "process_pass": true,
    "engineering_pass": false,
    "paper_like_pass": false,
    "judgement": "仅达到流程过关：链路已跑通，但相对 baseline 的收益仍不足。"
  },
  "figures": [
    "runs/continuous_sam_geometry_reward_tune_is0p03_us0p016_cr0p08_ts300000_s43_samth14_dc0p02_wu30_cd160_mg0p75_nv0p0005_mx8_fmgeometry_oufalse_drguard_arattack_guard_safe/20260518_083429/analysis/sam_uncertainty_analysis.png"
  ]
}