{
  "output_dir": "runs/continuous_sam_geometry_narrow_tune_is0p03_us0p016_cr0p08_ts300000_s43_samth10_dc0p02_wu20_cd80_mg0p3_nv0p0005_mx8_fmgeometry_oufalse/20260516_074148/analysis",
  "episodes": 300,
  "total_steps": 11040,
  "baseline_total_steps": 12506,
  "mean_episode_length": 36.8,
  "baseline_mean_episode_length": 41.68666666666667,
  "mean_episode_reward": -70.20845775256679,
  "baseline_mean_episode_reward": -91.28706244442874,
  "reward_improvement": 21.078604691861955,
  "interceptor_win_rate": 0.17,
  "baseline_interceptor_win_rate": 0.07,
  "win_rate_improvement": 0.1,
  "response_policy_accuracy": 0.5285326086956522,
  "switch_count": 65,
  "accuracy_by_intruder_policy": {
    "attack": 0.47146739130434784,
    "detour": 0.6614130434782609,
    "direct": 0.45271739130434785
  },
  "intruder_policy_step_counts": {
    "attack": 3680,
    "detour": 3680,
    "direct": 3680
  },
  "ops_winner_counts": {
    "interceptor": 51,
    "intruder": 249
  },
  "baseline_winner_counts": {
    "interceptor": 21,
    "intruder": 279
  },
  "ops_reason_counts": {
    "active_collision": 30,
    "entered_big_circle": 208,
    "entered_small_circle": 11,
    "intercepted_before_small_circle": 51
  },
  "baseline_reason_counts": {
    "active_collision": 30,
    "entered_big_circle": 244,
    "entered_small_circle": 5,
    "intercepted_before_small_circle": 21
  },
  "episode_reward_quantiles": {
    "min": -159.04824971199028,
    "q25": -104.08765436768532,
    "median": -102.66776336371899,
    "q75": -100.96575549572708,
    "max": 98.63286904156207,
    "std": 75.42336982688491
  },
  "baseline_episode_reward_quantiles": {
    "min": -148.24408061027526,
    "q25": -104.89734228551387,
    "median": -103.22114723369478,
    "q75": -101.45295288532972,
    "max": 98.37740521669387,
    "std": 51.554411488168036
  },
  "acceptance": {
    "process_pass": true,
    "engineering_pass": false,
    "paper_like_pass": false,
    "judgement": "仅达到流程过关：链路已跑通，但相对 baseline 的收益仍不足。"
  },
  "figures": [
    "runs/continuous_sam_geometry_narrow_tune_is0p03_us0p016_cr0p08_ts300000_s43_samth10_dc0p02_wu20_cd80_mg0p3_nv0p0005_mx8_fmgeometry_oufalse/20260516_074148/analysis/sam_uncertainty_analysis.png"
  ]
}