{
  "output_dir": "/mnt/users/xj62kv/reinforcement-learning-strategy/runs/continuous_confirm_is0p03_us0p016_cr0p08_ts1500000_s43/20260513_234531/analysis",
  "episodes": 800,
  "total_steps": 32666,
  "baseline_total_steps": 28411,
  "mean_episode_length": 40.8325,
  "baseline_mean_episode_length": 35.51375,
  "mean_episode_reward": -82.890149850352,
  "baseline_mean_episode_reward": -55.589529042089396,
  "reward_improvement": -27.300620808262607,
  "interceptor_win_rate": 0.11125,
  "baseline_interceptor_win_rate": 0.235,
  "win_rate_improvement": -0.12374999999999999,
  "response_policy_accuracy": 0.36169105491948816,
  "switch_count": 956,
  "accuracy_by_intruder_policy": {
    "attack": 0.33841911764705884,
    "detour": 0.4,
    "direct": 0.34668989547038326
  },
  "intruder_policy_step_counts": {
    "attack": 10880,
    "detour": 10880,
    "direct": 10906
  },
  "ops_winner_counts": {
    "interceptor": 89,
    "intruder": 711
  },
  "baseline_winner_counts": {
    "interceptor": 188,
    "intruder": 612
  },
  "ops_reason_counts": {
    "active_collision": 58,
    "entered_big_circle": 625,
    "entered_small_circle": 28,
    "intercepted_before_small_circle": 89
  },
  "baseline_reason_counts": {
    "active_collision": 24,
    "entered_big_circle": 586,
    "entered_small_circle": 2,
    "intercepted_before_small_circle": 186,
    "passive_intercept": 2
  },
  "episode_reward_quantiles": {
    "min": -171.2869046807288,
    "q25": -103.68874650210142,
    "median": -102.32074029207229,
    "q75": -101.08451713353395,
    "max": 98.69560479074715,
    "std": 64.2317526214989
  },
  "baseline_episode_reward_quantiles": {
    "min": -110.40517838954925,
    "q25": -102.86328326255082,
    "median": -101.80845922768115,
    "q75": -100.46635907173157,
    "max": 98.91297143690288,
    "std": 84.56145750393645
  },
  "acceptance": {
    "process_pass": true,
    "engineering_pass": false,
    "paper_like_pass": false,
    "judgement": "仅达到流程过关：链路已跑通，但相对 baseline 的收益仍不足。"
  },
  "figures": [
    "/mnt/users/xj62kv/reinforcement-learning-strategy/runs/continuous_confirm_is0p03_us0p016_cr0p08_ts1500000_s43/20260513_234531/analysis/sam_uncertainty_analysis.png"
  ]
}