{
  "episodes": 800,
  "mean_episode_reward": -57.86521174278995,
  "std_episode_reward": 85.20349366885421,
  "interceptor_win_rate": 0.2325,
  "response_policy_accuracy": 0.7322513922036595,
  "detector_method": "sam",
  "switch_count": 269,
  "baseline_mean_episode_reward": -55.589529042089396,
  "baseline_std_episode_reward": 84.56145750393645,
  "baseline_interceptor_win_rate": 0.235
}