{
  "episodes": 300,
  "mean_episode_reward": -59.82886463985492,
  "std_episode_reward": 82.89285743590155,
  "interceptor_win_rate": 0.22,
  "response_policy_accuracy": 0.5340950976778474,
  "detector_method": "sam",
  "switch_count": 68,
  "baseline_mean_episode_reward": -91.28706244442874,
  "baseline_std_episode_reward": 51.55441148816803,
  "baseline_interceptor_win_rate": 0.07
}