{
  "episodes": 300,
  "mean_episode_reward": -131.68832752305914,
  "std_episode_reward": 46.73745789940405,
  "interceptor_win_rate": 0.016666666666666666,
  "response_policy_accuracy": 0.37719854222785615,
  "detector_method": "sam",
  "switch_count": 56,
  "baseline_mean_episode_reward": -130.30123891045102,
  "baseline_std_episode_reward": 22.371990836341915,
  "baseline_interceptor_win_rate": 0.0
}