{
  "output_dir": "/mnt/users/xj62kv/reinforcement-learning-strategy/runs/continuous_sweep_is0p022_us0p016_cr0p08_ts300000_s42/20260513_072804/analysis",
  "episodes": 300,
  "total_steps": 13973,
  "baseline_total_steps": 13973,
  "mean_episode_length": 46.57666666666667,
  "baseline_mean_episode_length": 46.57666666666667,
  "mean_episode_reward": -106.81686517798006,
  "baseline_mean_episode_reward": -104.68577306669056,
  "reward_improvement": -2.1310921112895045,
  "interceptor_win_rate": 0.0033333333333333335,
  "baseline_interceptor_win_rate": 0.006666666666666667,
  "win_rate_improvement": -0.0033333333333333335,
  "response_policy_accuracy": 0.9937737064338367,
  "accuracy_by_intruder_policy": {
    "attack": 0.99375,
    "detour": 0.99375,
    "direct": 0.9938205838482846
  },
  "intruder_policy_step_counts": {
    "attack": 4640,
    "detour": 4640,
    "direct": 4693
  },
  "ops_winner_counts": {
    "interceptor": 1,
    "intruder": 299
  },
  "baseline_winner_counts": {
    "interceptor": 2,
    "intruder": 298
  },
  "ops_reason_counts": {
    "active_collision": 28,
    "entered_big_circle": 267,
    "entered_small_circle": 4,
    "intercepted_before_small_circle": 1
  },
  "baseline_reason_counts": {
    "active_collision": 26,
    "entered_big_circle": 257,
    "entered_small_circle": 15,
    "intercepted_before_small_circle": 2
  },
  "episode_reward_quantiles": {
    "min": -166.94286774694905,
    "q25": -105.54902976602315,
    "median": -103.41614094853401,
    "q75": -102.00486110061406,
    "max": 94.12137408673765,
    "std": 17.436205908330418
  },
  "baseline_episode_reward_quantiles": {
    "min": -156.95525172233582,
    "q25": -105.16758274018764,
    "median": -103.41149905979634,
    "q75": -102.02551044374705,
    "max": 94.92118860036135,
    "std": 18.614786834747488
  },
  "acceptance": {
    "process_pass": true,
    "engineering_pass": false,
    "paper_like_pass": false,
    "judgement": "仅达到流程过关：链路已跑通，但相对 baseline 的收益仍不足。"
  }
}