{
  "episodes": 1000,
  "mean_episode_reward": 81.668,
  "std_episode_reward": 33.88866736831061,
  "aop_accuracy": 0.6275984077841663,
  "switch_count": 1141,
  "baseline_mean_episode_reward": 90.854,
  "baseline_std_episode_reward": 4.08566812161732
}