{
  "output_dir": "runs/continuous_sam_geometry_reward_tune_is0p03_us0p016_cr0p08_ts300000_s42_samth11_dc0p02_wu20_cd100_mg0p4_nv0p0005_mx8_fmgeometry_oufalse_drguard_arattack_guard_safe/20260518_083433/analysis",
  "episodes": 300,
  "total_steps": 12960,
  "baseline_total_steps": 14453,
  "mean_episode_length": 43.2,
  "baseline_mean_episode_length": 48.17666666666667,
  "mean_episode_reward": -96.066333640901,
  "baseline_mean_episode_reward": -135.15575196978006,
  "reward_improvement": 39.08941832887906,
  "interceptor_win_rate": 0.16,
  "baseline_interceptor_win_rate": 0.0033333333333333335,
  "win_rate_improvement": 0.15666666666666668,
  "response_policy_accuracy": 0.4959104938271605,
  "switch_count": 55,
  "accuracy_by_intruder_policy": {
    "attack": 0.5206018518518518,
    "detour": 0.5115740740740741,
    "direct": 0.45555555555555555
  },
  "intruder_policy_step_counts": {
    "attack": 4320,
    "detour": 4320,
    "direct": 4320
  },
  "ops_winner_counts": {
    "interceptor": 48,
    "intruder": 252
  },
  "baseline_winner_counts": {
    "interceptor": 1,
    "intruder": 299
  },
  "ops_reason_counts": {
    "active_collision": 19,
    "entered_big_circle": 225,
    "entered_small_circle": 8,
    "intercepted_before_small_circle": 48
  },
  "baseline_reason_counts": {
    "active_collision": 25,
    "entered_big_circle": 265,
    "entered_small_circle": 9,
    "intercepted_before_small_circle": 1
  },
  "episode_reward_quantiles": {
    "min": -276.7287142716348,
    "q25": -124.77548105478287,
    "median": -122.37038958996534,
    "q75": -120.93293380215763,
    "max": 98.32114972189068,
    "std": 89.26005764443853
  },
  "baseline_episode_reward_quantiles": {
    "min": -290.1693389159441,
    "q25": -125.59592067420482,
    "median": -123.07914365410804,
    "q75": -121.64675722196698,
    "max": 96.96309402793646,
    "std": 42.85528115569868
  },
  "acceptance": {
    "process_pass": true,
    "engineering_pass": false,
    "paper_like_pass": false,
    "judgement": "仅达到流程过关：链路已跑通，但相对 baseline 的收益仍不足。"
  },
  "figures": [
    "runs/continuous_sam_geometry_reward_tune_is0p03_us0p016_cr0p08_ts300000_s42_samth11_dc0p02_wu20_cd100_mg0p4_nv0p0005_mx8_fmgeometry_oufalse_drguard_arattack_guard_safe/20260518_083433/analysis/sam_uncertainty_analysis.png"
  ]
}