{
  "episodes": 1000,
  "mean_episode_reward": 90.465,
  "std_episode_reward": 6.463186133788814,
  "aop_accuracy": 0.8728118768003545,
  "response_policy_accuracy": 0.8628406824728562,
  "switch_count": 90,
  "baseline_mean_episode_reward": 91.117,
  "baseline_std_episode_reward": 4.17651900510461
}