{
  "episodes": 1000,
  "mean_episode_reward": 91.178,
  "std_episode_reward": 4.907577406419587,
  "aop_accuracy": 0.9249561659848042,
  "response_policy_accuracy": 0.915020455873758,
  "switch_count": 85,
  "baseline_mean_episode_reward": 91.117,
  "baseline_std_episode_reward": 4.17651900510461
}