{
  "output_dir": "runs/continuous_response_attack_reward_dguard_aguard_is0p03_us0p016_cr0p08_ts1500000_s44/20260518_034550/analysis",
  "episodes": 800,
  "total_steps": 30830,
  "baseline_total_steps": 34188,
  "mean_episode_length": 38.5375,
  "baseline_mean_episode_length": 42.735,
  "mean_episode_reward": -51.51124850603634,
  "baseline_mean_episode_reward": -88.93285867106644,
  "reward_improvement": 37.4216101650301,
  "interceptor_win_rate": 0.325,
  "baseline_interceptor_win_rate": 0.15125,
  "win_rate_improvement": 0.17375000000000002,
  "response_policy_accuracy": 0.9937722997080766,
  "switch_count": 0,
  "accuracy_by_intruder_policy": {
    "attack": 0.99375,
    "detour": 0.99375,
    "direct": 0.993816425120773
  },
  "intruder_policy_step_counts": {
    "attack": 10240,
    "detour": 10240,
    "direct": 10350
  },
  "ops_winner_counts": {
    "interceptor": 260,
    "intruder": 540
  },
  "baseline_winner_counts": {
    "interceptor": 121,
    "intruder": 679
  },
  "ops_reason_counts": {
    "active_collision": 13,
    "entered_big_circle": 524,
    "entered_small_circle": 3,
    "intercepted_before_small_circle": 256,
    "intercepted_in_big_circle": 4
  },
  "baseline_reason_counts": {
    "active_collision": 16,
    "entered_big_circle": 662,
    "entered_small_circle": 1,
    "intercepted_before_small_circle": 120,
    "passive_intercept": 1
  },
  "episode_reward_quantiles": {
    "min": -164.46697853416205,
    "q25": -122.10718141600489,
    "median": -121.05847762107851,
    "q75": 96.456606727615,
    "max": 119.58712573919443,
    "std": 103.51676978490116
  },
  "baseline_episode_reward_quantiles": {
    "min": -168.85540361195802,
    "q25": -122.76172882780433,
    "median": -121.44454967737198,
    "q75": -120.38654021531343,
    "max": 108.46218520350754,
    "std": 78.71073023857197
  },
  "acceptance": {
    "process_pass": true,
    "engineering_pass": true,
    "paper_like_pass": true,
    "judgement": "达到接近论文效果的候选标准，可继续做多 seed 与参数敏感性验证。"
  },
  "figures": []
}