{
  "episodes": 800,
  "mean_episode_reward": -48.737067952715414,
  "std_episode_reward": 106.35036986002535,
  "interceptor_win_rate": 0.345,
  "response_policy_accuracy": 0.9937761893024403,
  "detector_method": "oracle",
  "switch_count": 0,
  "baseline_mean_episode_reward": -86.82326298953221,
  "baseline_std_episode_reward": 82.3119061401118,
  "baseline_interceptor_win_rate": 0.165
}