{
  "output_dir": "runs/continuous_sam_geometry_reward_tune_is0p03_us0p016_cr0p08_ts300000_s43_samth10_dc0p02_wu20_cd60_mg0p25_nv0p0005_mx8_fmgeometry_oufalse_drguard_arattack_guard_safe/20260518_083455/analysis",
  "episodes": 300,
  "total_steps": 11060,
  "baseline_total_steps": 13982,
  "mean_episode_length": 36.86666666666667,
  "baseline_mean_episode_length": 46.60666666666667,
  "mean_episode_reward": -82.79882713249724,
  "baseline_mean_episode_reward": -136.05396951430788,
  "reward_improvement": 53.25514238181064,
  "interceptor_win_rate": 0.22,
  "baseline_interceptor_win_rate": 0.0,
  "win_rate_improvement": 0.22,
  "response_policy_accuracy": 0.6407775768535262,
  "switch_count": 75,
  "accuracy_by_intruder_policy": {
    "attack": 0.5432065217391304,
    "detour": 0.8394021739130435,
    "direct": 0.5402702702702703
  },
  "intruder_policy_step_counts": {
    "attack": 3680,
    "detour": 3680,
    "direct": 3700
  },
  "ops_winner_counts": {
    "interceptor": 66,
    "intruder": 234
  },
  "baseline_winner_counts": {
    "intruder": 300
  },
  "ops_reason_counts": {
    "active_collision": 24,
    "entered_big_circle": 209,
    "entered_small_circle": 1,
    "intercepted_before_small_circle": 66
  },
  "baseline_reason_counts": {
    "active_collision": 24,
    "entered_big_circle": 275,
    "entered_small_circle": 1
  },
  "episode_reward_quantiles": {
    "min": -224.4240902800858,
    "q25": -123.76186782568692,
    "median": -121.94517439305783,
    "q75": -120.37687928155064,
    "max": 98.80428181916476,
    "std": 98.65148560780517
  },
  "baseline_episode_reward_quantiles": {
    "min": -302.4703647017479,
    "q25": -125.664673037529,
    "median": -123.48831409871579,
    "q75": -121.55552087426184,
    "max": -120.35294321954251,
    "std": 40.84700704519704
  },
  "acceptance": {
    "process_pass": true,
    "engineering_pass": false,
    "paper_like_pass": false,
    "judgement": "仅达到流程过关：链路已跑通，但相对 baseline 的收益仍不足。"
  },
  "figures": [
    "runs/continuous_sam_geometry_reward_tune_is0p03_us0p016_cr0p08_ts300000_s43_samth10_dc0p02_wu20_cd60_mg0p25_nv0p0005_mx8_fmgeometry_oufalse_drguard_arattack_guard_safe/20260518_083455/analysis/sam_uncertainty_analysis.png"
  ]
}