{
  "episodes": 1000,
  "mean_episode_reward": 80.215,
  "std_episode_reward": 35.50693981463342,
  "aop_accuracy": 0.6080283353010626,
  "switch_count": 2514,
  "baseline_mean_episode_reward": 91.115,
  "baseline_std_episode_reward": 4.0548458663677955
}