{
  "output_dir": "runs/continuous_sam_geometry_reward_tune_is0p03_us0p016_cr0p08_ts300000_s42_samth10_dc0p02_wu20_cd100_mg0p35_nv0p0005_mx8_fmgeometry_oufalse_drguard_arattack_guard_safe/20260518_083421/analysis",
  "episodes": 300,
  "total_steps": 12616,
  "baseline_total_steps": 14453,
  "mean_episode_length": 42.053333333333335,
  "baseline_mean_episode_length": 48.17666666666667,
  "mean_episode_reward": -88.6310901212064,
  "baseline_mean_episode_reward": -135.15575196978006,
  "reward_improvement": 46.52466184857366,
  "interceptor_win_rate": 0.19,
  "baseline_interceptor_win_rate": 0.0033333333333333335,
  "win_rate_improvement": 0.18666666666666668,
  "response_policy_accuracy": 0.5172796448953709,
  "switch_count": 56,
  "accuracy_by_intruder_policy": {
    "attack": 0.5322115384615385,
    "detour": 0.6411057692307692,
    "direct": 0.3829143389199255
  },
  "intruder_policy_step_counts": {
    "attack": 4160,
    "detour": 4160,
    "direct": 4296
  },
  "ops_winner_counts": {
    "interceptor": 57,
    "intruder": 243
  },
  "baseline_winner_counts": {
    "interceptor": 1,
    "intruder": 299
  },
  "ops_reason_counts": {
    "active_collision": 19,
    "entered_big_circle": 219,
    "entered_small_circle": 5,
    "intercepted_before_small_circle": 57
  },
  "baseline_reason_counts": {
    "active_collision": 25,
    "entered_big_circle": 265,
    "entered_small_circle": 9,
    "intercepted_before_small_circle": 1
  },
  "episode_reward_quantiles": {
    "min": -274.5783293406666,
    "q25": -124.36162014722824,
    "median": -122.15958717435598,
    "q75": -120.63058384716511,
    "max": 98.61689049720763,
    "std": 93.83321145556788
  },
  "baseline_episode_reward_quantiles": {
    "min": -290.1693389159441,
    "q25": -125.59592067420482,
    "median": -123.07914365410804,
    "q75": -121.64675722196698,
    "max": 96.96309402793646,
    "std": 42.85528115569868
  },
  "acceptance": {
    "process_pass": true,
    "engineering_pass": false,
    "paper_like_pass": false,
    "judgement": "仅达到流程过关：链路已跑通，但相对 baseline 的收益仍不足。"
  },
  "figures": [
    "runs/continuous_sam_geometry_reward_tune_is0p03_us0p016_cr0p08_ts300000_s42_samth10_dc0p02_wu20_cd100_mg0p35_nv0p0005_mx8_fmgeometry_oufalse_drguard_arattack_guard_safe/20260518_083421/analysis/sam_uncertainty_analysis.png"
  ]
}