{
  "output_dir": "runs/continuous_sam_geometry_narrow_tune_is0p03_us0p016_cr0p08_ts300000_s42_samth10_dc0p02_wu20_cd100_mg0p3_nv0p0005_mx8_fmgeometry_oufalse/20260516_074158/analysis",
  "episodes": 300,
  "total_steps": 11587,
  "baseline_total_steps": 14509,
  "mean_episode_length": 38.623333333333335,
  "baseline_mean_episode_length": 48.36333333333334,
  "mean_episode_reward": -52.94101353286605,
  "baseline_mean_episode_reward": -105.95892317854663,
  "reward_improvement": 53.017909645680575,
  "interceptor_win_rate": 0.25666666666666665,
  "baseline_interceptor_win_rate": 0.013333333333333334,
  "win_rate_improvement": 0.24333333333333332,
  "response_policy_accuracy": 0.7116596185380167,
  "switch_count": 71,
  "accuracy_by_intruder_policy": {
    "attack": 0.63359375,
    "detour": 0.8588541666666667,
    "direct": 0.6437164064499616
  },
  "intruder_policy_step_counts": {
    "attack": 3840,
    "detour": 3840,
    "direct": 3907
  },
  "ops_winner_counts": {
    "interceptor": 77,
    "intruder": 223
  },
  "baseline_winner_counts": {
    "interceptor": 4,
    "intruder": 296
  },
  "ops_reason_counts": {
    "active_collision": 14,
    "entered_big_circle": 202,
    "entered_small_circle": 7,
    "intercepted_before_small_circle": 77
  },
  "baseline_reason_counts": {
    "active_collision": 24,
    "entered_big_circle": 265,
    "entered_small_circle": 7,
    "intercepted_before_small_circle": 3,
    "intercepted_in_big_circle": 1
  },
  "episode_reward_quantiles": {
    "min": -122.43094395130872,
    "q25": -104.18146420866252,
    "median": -102.26485578656195,
    "q75": 82.6248242920637,
    "max": 98.7132256409526,
    "std": 87.44419779865672
  },
  "baseline_episode_reward_quantiles": {
    "min": -179.1565157097578,
    "q25": -105.17827001035214,
    "median": -103.15095399081707,
    "q75": -101.77887487411499,
    "max": 97.57403432935476,
    "std": 28.605434383111486
  },
  "acceptance": {
    "process_pass": true,
    "engineering_pass": false,
    "paper_like_pass": false,
    "judgement": "仅达到流程过关：链路已跑通，但相对 baseline 的收益仍不足。"
  },
  "figures": [
    "runs/continuous_sam_geometry_narrow_tune_is0p03_us0p016_cr0p08_ts300000_s42_samth10_dc0p02_wu20_cd100_mg0p3_nv0p0005_mx8_fmgeometry_oufalse/20260516_074158/analysis/sam_uncertainty_analysis.png"
  ]
}