{
  "episodes": 800,
  "mean_episode_reward": -53.928961284692306,
  "std_episode_reward": 103.6420613567093,
  "interceptor_win_rate": 0.31875,
  "response_policy_accuracy": 0.9937749509439069,
  "detector_method": "oracle",
  "switch_count": 0,
  "baseline_mean_episode_reward": -128.5084191059101,
  "baseline_std_episode_reward": 29.448935204921575,
  "baseline_interceptor_win_rate": 0.00875
}