{
  "episodes": 1000,
  "mean_episode_reward": 91.496,
  "std_episode_reward": 4.222556571557094,
  "aop_accuracy": 0.9431040691393591,
  "response_policy_accuracy": 0.9331412795582763,
  "switch_count": 83,
  "baseline_mean_episode_reward": 91.117,
  "baseline_std_episode_reward": 4.17651900510461
}