{
  "episodes": 800,
  "mean_episode_reward": -57.872771645025566,
  "std_episode_reward": 103.97961067493083,
  "interceptor_win_rate": 0.3075,
  "response_policy_accuracy": 0.9937506333817518,
  "detector_method": "oracle",
  "switch_count": 0,
  "baseline_mean_episode_reward": -126.60972257242474,
  "baseline_std_episode_reward": 32.28929791514281,
  "baseline_interceptor_win_rate": 0.0125
}