{
  "output_dir": "runs/continuous_sam_geometry_narrow_tune_is0p03_us0p016_cr0p08_ts300000_s43_samth10_dc0p02_wu20_cd100_mg0p3_nv0p0005_mx8_fmgeometry_oufalse/20260516_074150/analysis",
  "episodes": 300,
  "total_steps": 12527,
  "baseline_total_steps": 12506,
  "mean_episode_length": 41.75666666666667,
  "baseline_mean_episode_length": 41.68666666666667,
  "mean_episode_reward": -78.30763477340739,
  "baseline_mean_episode_reward": -91.28706244442874,
  "reward_improvement": 12.979427671021355,
  "interceptor_win_rate": 0.13333333333333333,
  "baseline_interceptor_win_rate": 0.07,
  "win_rate_improvement": 0.06333333333333332,
  "response_policy_accuracy": 0.4672307815119342,
  "switch_count": 69,
  "accuracy_by_intruder_policy": {
    "attack": 0.45240384615384616,
    "detour": 0.5021634615384616,
    "direct": 0.4473496553363442
  },
  "intruder_policy_step_counts": {
    "attack": 4160,
    "detour": 4160,
    "direct": 4207
  },
  "ops_winner_counts": {
    "interceptor": 40,
    "intruder": 260
  },
  "baseline_winner_counts": {
    "interceptor": 21,
    "intruder": 279
  },
  "ops_reason_counts": {
    "active_collision": 32,
    "entered_big_circle": 226,
    "entered_small_circle": 2,
    "intercepted_before_small_circle": 40
  },
  "baseline_reason_counts": {
    "active_collision": 30,
    "entered_big_circle": 244,
    "entered_small_circle": 5,
    "intercepted_before_small_circle": 21
  },
  "episode_reward_quantiles": {
    "min": -177.1250140801071,
    "q25": -104.09355587825179,
    "median": -102.66053846895696,
    "q75": -101.06409257084131,
    "max": 98.63286904156207,
    "std": 68.6923934104961
  },
  "baseline_episode_reward_quantiles": {
    "min": -148.24408061027526,
    "q25": -104.89734228551387,
    "median": -103.22114723369478,
    "q75": -101.45295288532972,
    "max": 98.37740521669387,
    "std": 51.554411488168036
  },
  "acceptance": {
    "process_pass": true,
    "engineering_pass": false,
    "paper_like_pass": false,
    "judgement": "仅达到流程过关：链路已跑通，但相对 baseline 的收益仍不足。"
  },
  "figures": [
    "runs/continuous_sam_geometry_narrow_tune_is0p03_us0p016_cr0p08_ts300000_s43_samth10_dc0p02_wu20_cd100_mg0p3_nv0p0005_mx8_fmgeometry_oufalse/20260516_074150/analysis/sam_uncertainty_analysis.png"
  ]
}