{
  "episodes": 800,
  "mean_episode_reward": -56.640503034334486,
  "std_episode_reward": 112.62433891201519,
  "interceptor_win_rate": 0.33,
  "response_policy_accuracy": 0.993764228446996,
  "detector_method": "oracle",
  "switch_count": 0,
  "baseline_mean_episode_reward": -132.43647043759674,
  "baseline_std_episode_reward": 29.75275177300039,
  "baseline_interceptor_win_rate": 0.0
}