{
  "episodes": 300,
  "mean_episode_reward": -51.495164208825805,
  "std_episode_reward": 88.59213248070454,
  "interceptor_win_rate": 0.2633333333333333,
  "response_policy_accuracy": 0.7094972067039106,
  "detector_method": "sam",
  "switch_count": 83,
  "baseline_mean_episode_reward": -105.95892317854663,
  "baseline_std_episode_reward": 28.605434383111472,
  "baseline_interceptor_win_rate": 0.013333333333333334
}