{
  "output_dir": "runs/continuous_sam_geometry_reward_tune_is0p03_us0p016_cr0p08_ts300000_s43_samth10_dc0p02_wu20_cd100_mg0p35_nv0p0005_mx8_fmgeometry_oufalse_drguard_arattack_guard_safe/20260518_083434/analysis",
  "episodes": 300,
  "total_steps": 11520,
  "baseline_total_steps": 13982,
  "mean_episode_length": 38.4,
  "baseline_mean_episode_length": 46.60666666666667,
  "mean_episode_reward": -101.844181228384,
  "baseline_mean_episode_reward": -136.05396951430788,
  "reward_improvement": 34.20978828592388,
  "interceptor_win_rate": 0.14666666666666667,
  "baseline_interceptor_win_rate": 0.0,
  "win_rate_improvement": 0.14666666666666667,
  "response_policy_accuracy": 0.4714409722222222,
  "switch_count": 47,
  "accuracy_by_intruder_policy": {
    "attack": 0.4390625,
    "detour": 0.5041666666666667,
    "direct": 0.47109375
  },
  "intruder_policy_step_counts": {
    "attack": 3840,
    "detour": 3840,
    "direct": 3840
  },
  "ops_winner_counts": {
    "interceptor": 44,
    "intruder": 256
  },
  "baseline_winner_counts": {
    "intruder": 300
  },
  "ops_reason_counts": {
    "active_collision": 31,
    "entered_big_circle": 214,
    "entered_small_circle": 11,
    "intercepted_before_small_circle": 44
  },
  "baseline_reason_counts": {
    "active_collision": 24,
    "entered_big_circle": 275,
    "entered_small_circle": 1
  },
  "episode_reward_quantiles": {
    "min": -279.99417826056475,
    "q25": -124.36106200426818,
    "median": -122.40002821326257,
    "q75": -120.72539464980362,
    "max": 98.746116899848,
    "std": 88.40036754880302
  },
  "baseline_episode_reward_quantiles": {
    "min": -302.4703647017479,
    "q25": -125.664673037529,
    "median": -123.48831409871579,
    "q75": -121.55552087426184,
    "max": -120.35294321954251,
    "std": 40.84700704519704
  },
  "acceptance": {
    "process_pass": true,
    "engineering_pass": false,
    "paper_like_pass": false,
    "judgement": "仅达到流程过关：链路已跑通，但相对 baseline 的收益仍不足。"
  },
  "figures": [
    "runs/continuous_sam_geometry_reward_tune_is0p03_us0p016_cr0p08_ts300000_s43_samth10_dc0p02_wu20_cd100_mg0p35_nv0p0005_mx8_fmgeometry_oufalse_drguard_arattack_guard_safe/20260518_083434/analysis/sam_uncertainty_analysis.png"
  ]
}