{
  "episodes": 800,
  "mean_episode_reward": -102.9295646199735,
  "std_episode_reward": 22.787939971195144,
  "interceptor_win_rate": 0.01125,
  "response_policy_accuracy": 0.3335954057564777,
  "detector_method": "sam",
  "switch_count": 0,
  "baseline_mean_episode_reward": -109.12202236779572,
  "baseline_std_episode_reward": 24.104218696186386,
  "baseline_interceptor_win_rate": 0.005
}