{
  "episodes": 300,
  "mean_episode_reward": -65.63371410760432,
  "std_episode_reward": 78.84285030265592,
  "interceptor_win_rate": 0.19,
  "response_policy_accuracy": 0.3321258538604844,
  "detector_method": "sam",
  "switch_count": 3,
  "baseline_mean_episode_reward": -91.28706244442874,
  "baseline_std_episode_reward": 51.55441148816803,
  "baseline_interceptor_win_rate": 0.07
}