{
  "output_dir": "runs/continuous_sam_geometry_confirm_aggressive_is0p03_us0p016_cr0p08_ts1500000_s42_samth8_dc0p02_wu20_cd40_mg0p2_nv0p0005_mx8_fmgeometry_oufalse/20260515_234827/analysis",
  "episodes": 800,
  "total_steps": 29321,
  "baseline_total_steps": 39432,
  "mean_episode_length": 36.65125,
  "baseline_mean_episode_length": 49.29,
  "mean_episode_reward": -49.07726538244675,
  "baseline_mean_episode_reward": -108.67576642323061,
  "reward_improvement": 59.598501040783866,
  "interceptor_win_rate": 0.275,
  "baseline_interceptor_win_rate": 0.0,
  "win_rate_improvement": 0.275,
  "response_policy_accuracy": 0.6838443436444869,
  "switch_count": 243,
  "accuracy_by_intruder_policy": {
    "attack": 0.596516393442623,
    "detour": 0.8939549180327869,
    "direct": 0.5615753494541373
  },
  "intruder_policy_step_counts": {
    "attack": 9760,
    "detour": 9760,
    "direct": 9801
  },
  "ops_winner_counts": {
    "interceptor": 220,
    "intruder": 580
  },
  "baseline_winner_counts": {
    "intruder": 800
  },
  "ops_reason_counts": {
    "active_collision": 32,
    "entered_big_circle": 538,
    "entered_small_circle": 10,
    "intercepted_before_small_circle": 219,
    "intercepted_in_big_circle": 1
  },
  "baseline_reason_counts": {
    "active_collision": 57,
    "entered_big_circle": 742,
    "entered_small_circle": 1
  },
  "episode_reward_quantiles": {
    "min": -188.98791417002676,
    "q25": -103.61116499088705,
    "median": -101.92448438644408,
    "q75": 95.46947533085942,
    "max": 98.90583705276252,
    "std": 89.95826312942319
  },
  "baseline_episode_reward_quantiles": {
    "min": -181.79789577811954,
    "q25": -104.8325478860736,
    "median": -103.03197339475156,
    "q75": -101.70750923544168,
    "max": -100.38095875263214,
    "std": 17.0381083607004
  },
  "acceptance": {
    "process_pass": true,
    "engineering_pass": false,
    "paper_like_pass": false,
    "judgement": "仅达到流程过关：链路已跑通，但相对 baseline 的收益仍不足。"
  },
  "figures": [
    "runs/continuous_sam_geometry_confirm_aggressive_is0p03_us0p016_cr0p08_ts1500000_s42_samth8_dc0p02_wu20_cd40_mg0p2_nv0p0005_mx8_fmgeometry_oufalse/20260515_234827/analysis/sam_uncertainty_analysis.png"
  ]
}