{
  "episodes": 800,
  "mean_episode_reward": -54.92738487100914,
  "std_episode_reward": 104.69692083216314,
  "interceptor_win_rate": 0.31875,
  "response_policy_accuracy": 0.9937698747485236,
  "detector_method": "oracle",
  "switch_count": 0,
  "baseline_mean_episode_reward": -131.07854641316348,
  "baseline_std_episode_reward": 29.126424466931834,
  "baseline_interceptor_win_rate": 0.0
}