{
  "episodes": 800,
  "mean_episode_reward": -51.372983237535735,
  "std_episode_reward": 107.99485918541546,
  "interceptor_win_rate": 0.34375,
  "response_policy_accuracy": 0.993756953887996,
  "detector_method": "oracle",
  "switch_count": 0,
  "baseline_mean_episode_reward": -81.11652975891757,
  "baseline_std_episode_reward": 92.87970948260858,
  "baseline_interceptor_win_rate": 0.20875
}