{
  "output_dir": "runs/continuous_sam_multiseed_tune_is0p03_us0p016_cr0p08_ts300000_s42_samth10_dc0p02_wu20_cd60_mg0p25_nv0p0005_mx8_oufalse/20260514_080022/analysis",
  "episodes": 300,
  "total_steps": 12260,
  "baseline_total_steps": 14509,
  "mean_episode_length": 40.86666666666667,
  "baseline_mean_episode_length": 48.36333333333334,
  "mean_episode_reward": -85.07585354955742,
  "baseline_mean_episode_reward": -105.95892317854663,
  "reward_improvement": 20.883069628989205,
  "interceptor_win_rate": 0.10333333333333333,
  "baseline_interceptor_win_rate": 0.013333333333333334,
  "win_rate_improvement": 0.09,
  "response_policy_accuracy": 0.4701468189233279,
  "switch_count": 76,
  "accuracy_by_intruder_policy": {
    "attack": 0.3855,
    "detour": 0.3811265544989027,
    "direct": 0.6393363789372445
  },
  "intruder_policy_step_counts": {
    "attack": 4000,
    "detour": 4101,
    "direct": 4159
  },
  "ops_winner_counts": {
    "interceptor": 31,
    "intruder": 269
  },
  "baseline_winner_counts": {
    "interceptor": 4,
    "intruder": 296
  },
  "ops_reason_counts": {
    "active_collision": 16,
    "entered_big_circle": 229,
    "entered_small_circle": 24,
    "intercepted_before_small_circle": 31
  },
  "baseline_reason_counts": {
    "active_collision": 24,
    "entered_big_circle": 265,
    "entered_small_circle": 7,
    "intercepted_before_small_circle": 3,
    "intercepted_in_big_circle": 1
  },
  "episode_reward_quantiles": {
    "min": -167.15983465552313,
    "q25": -105.0466717362404,
    "median": -103.0336115425825,
    "q75": -101.57396136969328,
    "max": 98.19468848973511,
    "std": 61.67101646408595
  },
  "baseline_episode_reward_quantiles": {
    "min": -179.1565157097578,
    "q25": -105.17827001035214,
    "median": -103.15095399081707,
    "q75": -101.77887487411499,
    "max": 97.57403432935476,
    "std": 28.605434383111486
  },
  "acceptance": {
    "process_pass": true,
    "engineering_pass": false,
    "paper_like_pass": false,
    "judgement": "仅达到流程过关：链路已跑通，但相对 baseline 的收益仍不足。"
  },
  "figures": [
    "runs/continuous_sam_multiseed_tune_is0p03_us0p016_cr0p08_ts300000_s42_samth10_dc0p02_wu20_cd60_mg0p25_nv0p0005_mx8_oufalse/20260514_080022/analysis/sam_uncertainty_analysis.png"
  ]
}