{
  "output_dir": "runs/continuous_sam_geometry_narrow_tune_is0p03_us0p016_cr0p08_ts300000_s43_samth11_dc0p02_wu20_cd80_mg0p3_nv0p0005_mx8_fmgeometry_oufalse/20260516_074148/analysis",
  "episodes": 300,
  "total_steps": 11582,
  "baseline_total_steps": 12506,
  "mean_episode_length": 38.60666666666667,
  "baseline_mean_episode_length": 41.68666666666667,
  "mean_episode_reward": -74.55935219002416,
  "baseline_mean_episode_reward": -91.28706244442874,
  "reward_improvement": 16.727710254404585,
  "interceptor_win_rate": 0.15,
  "baseline_interceptor_win_rate": 0.07,
  "win_rate_improvement": 0.07999999999999999,
  "response_policy_accuracy": 0.4539803142807805,
  "switch_count": 70,
  "accuracy_by_intruder_policy": {
    "attack": 0.3809895833333333,
    "detour": 0.60390625,
    "direct": 0.37826755509994875
  },
  "intruder_policy_step_counts": {
    "attack": 3840,
    "detour": 3840,
    "direct": 3902
  },
  "ops_winner_counts": {
    "interceptor": 45,
    "intruder": 255
  },
  "baseline_winner_counts": {
    "interceptor": 21,
    "intruder": 279
  },
  "ops_reason_counts": {
    "active_collision": 29,
    "entered_big_circle": 219,
    "entered_small_circle": 7,
    "intercepted_before_small_circle": 45
  },
  "baseline_reason_counts": {
    "active_collision": 30,
    "entered_big_circle": 244,
    "entered_small_circle": 5,
    "intercepted_before_small_circle": 21
  },
  "episode_reward_quantiles": {
    "min": -167.54231727361673,
    "q25": -104.17952198624613,
    "median": -102.72482776761055,
    "q75": -100.94109285026789,
    "max": 98.63286904156207,
    "std": 71.90648138009091
  },
  "baseline_episode_reward_quantiles": {
    "min": -148.24408061027526,
    "q25": -104.89734228551387,
    "median": -103.22114723369478,
    "q75": -101.45295288532972,
    "max": 98.37740521669387,
    "std": 51.554411488168036
  },
  "acceptance": {
    "process_pass": true,
    "engineering_pass": false,
    "paper_like_pass": false,
    "judgement": "仅达到流程过关：链路已跑通，但相对 baseline 的收益仍不足。"
  },
  "figures": [
    "runs/continuous_sam_geometry_narrow_tune_is0p03_us0p016_cr0p08_ts300000_s43_samth11_dc0p02_wu20_cd80_mg0p3_nv0p0005_mx8_fmgeometry_oufalse/20260516_074148/analysis/sam_uncertainty_analysis.png"
  ]
}