{
  "output_dir": "runs/continuous_response_policy_reward_dchase_asafe_is0p03_us0p016_cr0p08_ts1500000_s43/20260518_021141/analysis",
  "episodes": 800,
  "total_steps": 29052,
  "baseline_total_steps": 48626,
  "mean_episode_length": 36.315,
  "baseline_mean_episode_length": 60.7825,
  "mean_episode_reward": -55.56664565761639,
  "baseline_mean_episode_reward": -131.73022099684303,
  "reward_improvement": 76.16357533922664,
  "interceptor_win_rate": 0.325,
  "baseline_interceptor_win_rate": 0.0075,
  "win_rate_improvement": 0.3175,
  "response_policy_accuracy": 0.9937697920969296,
  "switch_count": 0,
  "accuracy_by_intruder_policy": {
    "attack": 0.99375,
    "detour": 0.9937067987207263,
    "direct": 0.9938518290808485
  },
  "intruder_policy_step_counts": {
    "attack": 9600,
    "detour": 9693,
    "direct": 9759
  },
  "ops_winner_counts": {
    "interceptor": 260,
    "intruder": 540
  },
  "baseline_winner_counts": {
    "interceptor": 6,
    "intruder": 794
  },
  "ops_reason_counts": {
    "active_collision": 8,
    "entered_big_circle": 527,
    "entered_small_circle": 5,
    "intercepted_before_small_circle": 254,
    "intercepted_in_big_circle": 6
  },
  "baseline_reason_counts": {
    "active_collision": 18,
    "entered_big_circle": 776,
    "intercepted_before_small_circle": 6
  },
  "episode_reward_quantiles": {
    "min": -223.81198243007063,
    "q25": -125.91026143431662,
    "median": -122.79922648876905,
    "q75": 96.08038799598813,
    "max": 115.72849440645426,
    "std": 106.62836049756385
  },
  "baseline_episode_reward_quantiles": {
    "min": -257.7800778669119,
    "q25": -130.31625896453858,
    "median": -126.15959289044142,
    "q75": -123.06998552978038,
    "max": 99.01416789703072,
    "std": 29.932198340351253
  },
  "acceptance": {
    "process_pass": true,
    "engineering_pass": true,
    "paper_like_pass": true,
    "judgement": "达到接近论文效果的候选标准，可继续做多 seed 与参数敏感性验证。"
  },
  "figures": []
}