{
  "output_dir": "runs/continuous_sam_geometry_narrow_tune_is0p03_us0p016_cr0p08_ts300000_s42_samth11_dc0p02_wu20_cd80_mg0p3_nv0p0005_mx8_fmgeometry_oufalse/20260516_074150/analysis",
  "episodes": 300,
  "total_steps": 11635,
  "baseline_total_steps": 14509,
  "mean_episode_length": 38.78333333333333,
  "baseline_mean_episode_length": 48.36333333333334,
  "mean_episode_reward": -54.19198828615249,
  "baseline_mean_episode_reward": -105.95892317854663,
  "reward_improvement": 51.76693489239414,
  "interceptor_win_rate": 0.25,
  "baseline_interceptor_win_rate": 0.013333333333333334,
  "win_rate_improvement": 0.23666666666666666,
  "response_policy_accuracy": 0.7119896862913623,
  "switch_count": 71,
  "accuracy_by_intruder_policy": {
    "attack": 0.6044270833333333,
    "detour": 0.8393229166666667,
    "direct": 0.6927939317319848
  },
  "intruder_policy_step_counts": {
    "attack": 3840,
    "detour": 3840,
    "direct": 3955
  },
  "ops_winner_counts": {
    "interceptor": 75,
    "intruder": 225
  },
  "baseline_winner_counts": {
    "interceptor": 4,
    "intruder": 296
  },
  "ops_reason_counts": {
    "active_collision": 13,
    "entered_big_circle": 206,
    "entered_small_circle": 6,
    "intercepted_before_small_circle": 75
  },
  "baseline_reason_counts": {
    "active_collision": 24,
    "entered_big_circle": 265,
    "entered_small_circle": 7,
    "intercepted_before_small_circle": 3,
    "intercepted_in_big_circle": 1
  },
  "episode_reward_quantiles": {
    "min": -124.2067061686516,
    "q25": -104.25847434848546,
    "median": -102.49547890722751,
    "q75": -55.465126858577136,
    "max": 98.4869462776184,
    "std": 86.68006607557092
  },
  "baseline_episode_reward_quantiles": {
    "min": -179.1565157097578,
    "q25": -105.17827001035214,
    "median": -103.15095399081707,
    "q75": -101.77887487411499,
    "max": 97.57403432935476,
    "std": 28.605434383111486
  },
  "acceptance": {
    "process_pass": true,
    "engineering_pass": false,
    "paper_like_pass": false,
    "judgement": "仅达到流程过关：链路已跑通，但相对 baseline 的收益仍不足。"
  },
  "figures": [
    "runs/continuous_sam_geometry_narrow_tune_is0p03_us0p016_cr0p08_ts300000_s42_samth11_dc0p02_wu20_cd80_mg0p3_nv0p0005_mx8_fmgeometry_oufalse/20260516_074150/analysis/sam_uncertainty_analysis.png"
  ]
}