{
  "output_dir": "runs/continuous_sam_confirm_is0p03_us0p016_cr0p08_ts1500000_s42_samth14_dc0p01_wu40_cd160_mg0p75_nv0p001_mx8_oufalse/20260514_045740/analysis",
  "episodes": 800,
  "total_steps": 26777,
  "baseline_total_steps": 39432,
  "mean_episode_length": 33.47125,
  "baseline_mean_episode_length": 49.29,
  "mean_episode_reward": -47.17657735556815,
  "baseline_mean_episode_reward": -108.67576642323061,
  "reward_improvement": 61.49918906766246,
  "interceptor_win_rate": 0.27875,
  "baseline_interceptor_win_rate": 0.0,
  "win_rate_improvement": 0.27875,
  "response_policy_accuracy": 0.33457818276879414,
  "switch_count": 1,
  "accuracy_by_intruder_policy": {
    "attack": 0.0,
    "detour": 0.9821428571428571,
    "direct": 0.01774751646389106
  },
  "intruder_policy_step_counts": {
    "attack": 8858,
    "detour": 8960,
    "direct": 8959
  },
  "ops_winner_counts": {
    "interceptor": 223,
    "intruder": 577
  },
  "baseline_winner_counts": {
    "intruder": 800
  },
  "ops_reason_counts": {
    "active_collision": 7,
    "entered_big_circle": 521,
    "entered_small_circle": 49,
    "intercepted_before_small_circle": 223
  },
  "baseline_reason_counts": {
    "active_collision": 57,
    "entered_big_circle": 742,
    "entered_small_circle": 1
  },
  "episode_reward_quantiles": {
    "min": -149.60014851331704,
    "q25": -103.16587151736022,
    "median": -101.82030132889749,
    "q75": 95.85962055981159,
    "max": 99.01016646951436,
    "std": 89.69097287646689
  },
  "baseline_episode_reward_quantiles": {
    "min": -181.79789577811954,
    "q25": -104.8325478860736,
    "median": -103.03197339475156,
    "q75": -101.70750923544168,
    "max": -100.38095875263214,
    "std": 17.0381083607004
  },
  "acceptance": {
    "process_pass": true,
    "engineering_pass": false,
    "paper_like_pass": false,
    "judgement": "仅达到流程过关：链路已跑通，但相对 baseline 的收益仍不足。"
  },
  "figures": [
    "runs/continuous_sam_confirm_is0p03_us0p016_cr0p08_ts1500000_s42_samth14_dc0p01_wu40_cd160_mg0p75_nv0p001_mx8_oufalse/20260514_045740/analysis/sam_uncertainty_analysis.png"
  ]
}