{
  "output_dir": "runs/continuous_sam_geometry_narrow_tune_is0p03_us0p016_cr0p08_ts300000_s43_samth11_dc0p02_wu30_cd80_mg0p35_nv0p0005_mx8_fmgeometry_oufalse/20260516_074156/analysis",
  "episodes": 300,
  "total_steps": 11393,
  "baseline_total_steps": 12506,
  "mean_episode_length": 37.97666666666667,
  "baseline_mean_episode_length": 41.68666666666667,
  "mean_episode_reward": -78.25994232757738,
  "baseline_mean_episode_reward": -91.28706244442874,
  "reward_improvement": 13.027120116851364,
  "interceptor_win_rate": 0.13,
  "baseline_interceptor_win_rate": 0.07,
  "win_rate_improvement": 0.06,
  "response_policy_accuracy": 0.3926972702536645,
  "switch_count": 59,
  "accuracy_by_intruder_policy": {
    "attack": 0.4544964997307485,
    "detour": 0.45625,
    "direct": 0.2693409742120344
  },
  "intruder_policy_step_counts": {
    "attack": 3714,
    "detour": 3840,
    "direct": 3839
  },
  "ops_winner_counts": {
    "interceptor": 39,
    "intruder": 261
  },
  "baseline_winner_counts": {
    "interceptor": 21,
    "intruder": 279
  },
  "ops_reason_counts": {
    "active_collision": 39,
    "entered_big_circle": 212,
    "entered_small_circle": 10,
    "intercepted_before_small_circle": 39
  },
  "baseline_reason_counts": {
    "active_collision": 30,
    "entered_big_circle": 244,
    "entered_small_circle": 5,
    "intercepted_before_small_circle": 21
  },
  "episode_reward_quantiles": {
    "min": -160.49579047560684,
    "q25": -104.26057705968618,
    "median": -102.96056445538997,
    "q75": -101.16309914827346,
    "max": 98.63286904156207,
    "std": 67.81926542015991
  },
  "baseline_episode_reward_quantiles": {
    "min": -148.24408061027526,
    "q25": -104.89734228551387,
    "median": -103.22114723369478,
    "q75": -101.45295288532972,
    "max": 98.37740521669387,
    "std": 51.554411488168036
  },
  "acceptance": {
    "process_pass": true,
    "engineering_pass": false,
    "paper_like_pass": false,
    "judgement": "仅达到流程过关：链路已跑通，但相对 baseline 的收益仍不足。"
  },
  "figures": [
    "runs/continuous_sam_geometry_narrow_tune_is0p03_us0p016_cr0p08_ts300000_s43_samth11_dc0p02_wu30_cd80_mg0p35_nv0p0005_mx8_fmgeometry_oufalse/20260516_074156/analysis/sam_uncertainty_analysis.png"
  ]
}