{
  "episodes": 300,
  "mean_episode_reward": -61.692580637613695,
  "std_episode_reward": 81.46205492971325,
  "interceptor_win_rate": 0.21,
  "response_policy_accuracy": 0.64280132838445,
  "detector_method": "sam",
  "switch_count": 79,
  "baseline_mean_episode_reward": -91.28706244442874,
  "baseline_std_episode_reward": 51.55441148816803,
  "baseline_interceptor_win_rate": 0.07
}