{
  "episodes": 300,
  "mean_episode_reward": -53.513457571042075,
  "std_episode_reward": 87.15233762263544,
  "interceptor_win_rate": 0.25333333333333335,
  "response_policy_accuracy": 0.6886075949367089,
  "detector_method": "sam",
  "switch_count": 73,
  "baseline_mean_episode_reward": -105.95892317854663,
  "baseline_std_episode_reward": 28.605434383111472,
  "baseline_interceptor_win_rate": 0.013333333333333334
}