{
  "episodes": 800,
  "mean_episode_reward": -56.47602486395459,
  "std_episode_reward": 108.74796644032415,
  "interceptor_win_rate": 0.33,
  "response_policy_accuracy": 0.9937557160427639,
  "detector_method": "oracle",
  "switch_count": 0,
  "baseline_mean_episode_reward": -133.6418777716659,
  "baseline_std_episode_reward": 21.258084817934087,
  "baseline_interceptor_win_rate": 0.0
}