{
  "episodes": 300,
  "mean_episode_reward": -50.78977809263878,
  "std_episode_reward": 88.75939178267743,
  "interceptor_win_rate": 0.26666666666666666,
  "response_policy_accuracy": 0.6693984149855908,
  "detector_method": "sam",
  "switch_count": 100,
  "baseline_mean_episode_reward": -105.95892317854663,
  "baseline_std_episode_reward": 28.605434383111472,
  "baseline_interceptor_win_rate": 0.013333333333333334
}