{
  "output_dir": "runs/continuous_sam_geometry_reward_tune_is0p03_us0p016_cr0p08_ts300000_s44_samth12_dc0p02_wu20_cd120_mg0p5_nv0p0005_mx8_fmgeometry_oufalse_drguard_arattack_guard_safe/20260518_083411/analysis",
  "episodes": 300,
  "total_steps": 12152,
  "baseline_total_steps": 17310,
  "mean_episode_length": 40.50666666666667,
  "baseline_mean_episode_length": 57.7,
  "mean_episode_reward": -126.1243804796276,
  "baseline_mean_episode_reward": -130.30123891045102,
  "reward_improvement": 4.176858430823415,
  "interceptor_win_rate": 0.043333333333333335,
  "baseline_interceptor_win_rate": 0.0,
  "win_rate_improvement": 0.043333333333333335,
  "response_policy_accuracy": 0.3334430546412113,
  "switch_count": 9,
  "accuracy_by_intruder_policy": {
    "attack": 0.20825,
    "detour": 0.71875,
    "direct": 0.08285163776493257
  },
  "intruder_policy_step_counts": {
    "attack": 4000,
    "detour": 4000,
    "direct": 4152
  },
  "ops_winner_counts": {
    "interceptor": 13,
    "intruder": 287
  },
  "baseline_winner_counts": {
    "intruder": 300
  },
  "ops_reason_counts": {
    "active_collision": 32,
    "entered_big_circle": 251,
    "entered_small_circle": 4,
    "intercepted_before_small_circle": 13
  },
  "baseline_reason_counts": {
    "active_collision": 3,
    "entered_big_circle": 297
  },
  "episode_reward_quantiles": {
    "min": -279.7400392185152,
    "q25": -124.50257947504522,
    "median": -122.66299931824207,
    "q75": -121.40916347622871,
    "max": 98.32139747813343,
    "std": 59.69927554464546
  },
  "baseline_episode_reward_quantiles": {
    "min": -281.4364957857132,
    "q25": -125.21396184623242,
    "median": -123.03345019102096,
    "q75": -121.53207714676856,
    "max": -120.31317663609981,
    "std": 22.37199083634192
  },
  "acceptance": {
    "process_pass": true,
    "engineering_pass": false,
    "paper_like_pass": false,
    "judgement": "仅达到流程过关：链路已跑通，但相对 baseline 的收益仍不足。"
  },
  "figures": [
    "runs/continuous_sam_geometry_reward_tune_is0p03_us0p016_cr0p08_ts300000_s44_samth12_dc0p02_wu20_cd120_mg0p5_nv0p0005_mx8_fmgeometry_oufalse_drguard_arattack_guard_safe/20260518_083411/analysis/sam_uncertainty_analysis.png"
  ]
}