{
  "episodes": 800,
  "mean_episode_reward": -67.75881787536343,
  "std_episode_reward": 114.56644657818786,
  "interceptor_win_rate": 0.32,
  "response_policy_accuracy": 0.9937712895377129,
  "detector_method": "oracle",
  "switch_count": 0,
  "baseline_mean_episode_reward": -150.95628540314027,
  "baseline_std_episode_reward": 27.125567922968013,
  "baseline_interceptor_win_rate": 0.0
}