{
  "output_dir": "runs/continuous_sam_geometry_narrow_tune_is0p03_us0p016_cr0p08_ts300000_s42_samth11_dc0p02_wu30_cd80_mg0p35_nv0p0005_mx8_fmgeometry_oufalse/20260516_074134/analysis",
  "episodes": 300,
  "total_steps": 11629,
  "baseline_total_steps": 14509,
  "mean_episode_length": 38.763333333333335,
  "baseline_mean_episode_length": 48.36333333333334,
  "mean_episode_reward": -59.8024540015166,
  "baseline_mean_episode_reward": -105.95892317854663,
  "reward_improvement": 46.156469177030026,
  "interceptor_win_rate": 0.22333333333333333,
  "baseline_interceptor_win_rate": 0.013333333333333334,
  "win_rate_improvement": 0.21,
  "response_policy_accuracy": 0.630406741766274,
  "switch_count": 66,
  "accuracy_by_intruder_policy": {
    "attack": 0.5296875,
    "detour": 0.8177083333333334,
    "direct": 0.5462142314510002
  },
  "intruder_policy_step_counts": {
    "attack": 3840,
    "detour": 3840,
    "direct": 3949
  },
  "ops_winner_counts": {
    "interceptor": 67,
    "intruder": 233
  },
  "baseline_winner_counts": {
    "interceptor": 4,
    "intruder": 296
  },
  "ops_reason_counts": {
    "active_collision": 19,
    "entered_big_circle": 210,
    "entered_small_circle": 4,
    "intercepted_before_small_circle": 67
  },
  "baseline_reason_counts": {
    "active_collision": 24,
    "entered_big_circle": 265,
    "entered_small_circle": 7,
    "intercepted_before_small_circle": 3,
    "intercepted_in_big_circle": 1
  },
  "episode_reward_quantiles": {
    "min": -145.56918182790275,
    "q25": -103.84634087532758,
    "median": -102.28862185671926,
    "q75": -100.71358352065086,
    "max": 98.58530232846736,
    "std": 83.19466857176259
  },
  "baseline_episode_reward_quantiles": {
    "min": -179.1565157097578,
    "q25": -105.17827001035214,
    "median": -103.15095399081707,
    "q75": -101.77887487411499,
    "max": 97.57403432935476,
    "std": 28.605434383111486
  },
  "acceptance": {
    "process_pass": true,
    "engineering_pass": false,
    "paper_like_pass": false,
    "judgement": "仅达到流程过关：链路已跑通，但相对 baseline 的收益仍不足。"
  },
  "figures": [
    "runs/continuous_sam_geometry_narrow_tune_is0p03_us0p016_cr0p08_ts300000_s42_samth11_dc0p02_wu30_cd80_mg0p35_nv0p0005_mx8_fmgeometry_oufalse/20260516_074134/analysis/sam_uncertainty_analysis.png"
  ]
}