{
  "episodes": 300,
  "mean_episode_reward": -93.42385438803807,
  "std_episode_reward": 51.768882225629234,
  "interceptor_win_rate": 0.06666666666666667,
  "response_policy_accuracy": 0.3521864976922475,
  "detector_method": "sam",
  "switch_count": 8,
  "baseline_mean_episode_reward": -105.95892317854663,
  "baseline_std_episode_reward": 28.605434383111472,
  "baseline_interceptor_win_rate": 0.013333333333333334
}