{
  "output_dir": "runs/continuous_sam_multiseed_tune_is0p03_us0p016_cr0p08_ts300000_s44_samth8_dc0p02_wu20_cd40_mg0p2_nv0p0005_mx8_fmgeometry_oufalse/20260515_202359/analysis",
  "episodes": 300,
  "total_steps": 13964,
  "baseline_total_steps": 16394,
  "mean_episode_length": 46.54666666666667,
  "baseline_mean_episode_length": 54.64666666666667,
  "mean_episode_reward": -92.39114121618296,
  "baseline_mean_episode_reward": -109.7845787092924,
  "reward_improvement": 17.393437493109445,
  "interceptor_win_rate": 0.06666666666666667,
  "baseline_interceptor_win_rate": 0.0,
  "win_rate_improvement": 0.06666666666666667,
  "response_policy_accuracy": 0.5909481523918648,
  "switch_count": 119,
  "accuracy_by_intruder_policy": {
    "attack": 0.5655172413793104,
    "detour": 0.7342672413793103,
    "direct": 0.47416737830913747
  },
  "intruder_policy_step_counts": {
    "attack": 4640,
    "detour": 4640,
    "direct": 4684
  },
  "ops_winner_counts": {
    "interceptor": 20,
    "intruder": 280
  },
  "baseline_winner_counts": {
    "intruder": 300
  },
  "ops_reason_counts": {
    "active_collision": 16,
    "entered_big_circle": 261,
    "entered_small_circle": 3,
    "intercepted_before_small_circle": 20
  },
  "baseline_reason_counts": {
    "active_collision": 9,
    "entered_big_circle": 285,
    "entered_small_circle": 6
  },
  "episode_reward_quantiles": {
    "min": -148.87757851690043,
    "q25": -105.50961913302542,
    "median": -103.46214913547038,
    "q75": -101.40008403927088,
    "max": 97.74885677814484,
    "std": 50.18386233936106
  },
  "baseline_episode_reward_quantiles": {
    "min": -182.99669804394244,
    "q25": -105.54739215523006,
    "median": -103.33283398985863,
    "q75": -101.69503080427647,
    "max": -100.41263511061669,
    "std": 18.438915059628716
  },
  "acceptance": {
    "process_pass": true,
    "engineering_pass": false,
    "paper_like_pass": false,
    "judgement": "仅达到流程过关：链路已跑通，但相对 baseline 的收益仍不足。"
  },
  "figures": [
    "runs/continuous_sam_multiseed_tune_is0p03_us0p016_cr0p08_ts300000_s44_samth8_dc0p02_wu20_cd40_mg0p2_nv0p0005_mx8_fmgeometry_oufalse/20260515_202359/analysis/sam_uncertainty_analysis.png"
  ]
}