{
  "output_dir": "runs/continuous_sam_multiseed_tune_is0p03_us0p016_cr0p08_ts300000_s42_samth14_dc0p02_wu40_cd120_mg0p75_nv0p0005_mx8_fmgeometry_oufalse/20260516_030617/analysis",
  "episodes": 300,
  "total_steps": 13427,
  "baseline_total_steps": 14509,
  "mean_episode_length": 44.75666666666667,
  "baseline_mean_episode_length": 48.36333333333334,
  "mean_episode_reward": -100.13089016703168,
  "baseline_mean_episode_reward": -105.95892317854663,
  "reward_improvement": 5.828033011514947,
  "interceptor_win_rate": 0.03666666666666667,
  "baseline_interceptor_win_rate": 0.013333333333333334,
  "win_rate_improvement": 0.02333333333333333,
  "response_policy_accuracy": 0.35331794146123485,
  "switch_count": 8,
  "accuracy_by_intruder_policy": {
    "attack": 0.7934198746642793,
    "detour": 0.125,
    "direct": 0.14266577361018085
  },
  "intruder_policy_step_counts": {
    "attack": 4468,
    "detour": 4480,
    "direct": 4479
  },
  "ops_winner_counts": {
    "interceptor": 11,
    "intruder": 289
  },
  "baseline_winner_counts": {
    "interceptor": 4,
    "intruder": 296
  },
  "ops_reason_counts": {
    "active_collision": 25,
    "entered_big_circle": 243,
    "entered_small_circle": 21,
    "intercepted_before_small_circle": 11
  },
  "baseline_reason_counts": {
    "active_collision": 24,
    "entered_big_circle": 265,
    "entered_small_circle": 7,
    "intercepted_before_small_circle": 3,
    "intercepted_in_big_circle": 1
  },
  "episode_reward_quantiles": {
    "min": -184.20365893274536,
    "q25": -105.92188611149788,
    "median": -103.59941251158713,
    "q75": -102.0623743918538,
    "max": 97.66097993671896,
    "std": 39.903271567853274
  },
  "baseline_episode_reward_quantiles": {
    "min": -179.1565157097578,
    "q25": -105.17827001035214,
    "median": -103.15095399081707,
    "q75": -101.77887487411499,
    "max": 97.57403432935476,
    "std": 28.605434383111486
  },
  "acceptance": {
    "process_pass": true,
    "engineering_pass": false,
    "paper_like_pass": false,
    "judgement": "仅达到流程过关：链路已跑通，但相对 baseline 的收益仍不足。"
  },
  "figures": [
    "runs/continuous_sam_multiseed_tune_is0p03_us0p016_cr0p08_ts300000_s42_samth14_dc0p02_wu40_cd120_mg0p75_nv0p0005_mx8_fmgeometry_oufalse/20260516_030617/analysis/sam_uncertainty_analysis.png"
  ]
}