{
  "output_dir": "runs/continuous_sam_geometry_confirm_midbest_is0p03_us0p016_cr0p08_ts1500000_s42_samth10_dc0p02_wu20_cd60_mg0p25_nv0p0005_mx8_fmgeometry_oufalse/20260516_055558/analysis",
  "episodes": 800,
  "total_steps": 30281,
  "baseline_total_steps": 39432,
  "mean_episode_length": 37.85125,
  "baseline_mean_episode_length": 49.29,
  "mean_episode_reward": -51.76074533751909,
  "baseline_mean_episode_reward": -108.67576642323061,
  "reward_improvement": 56.91502108571152,
  "interceptor_win_rate": 0.2625,
  "baseline_interceptor_win_rate": 0.0,
  "win_rate_improvement": 0.2625,
  "response_policy_accuracy": 0.6694957233909052,
  "switch_count": 197,
  "accuracy_by_intruder_policy": {
    "attack": 0.6479166666666667,
    "detour": 0.8469246031746032,
    "direct": 0.514277245331489
  },
  "intruder_policy_step_counts": {
    "attack": 10080,
    "detour": 10080,
    "direct": 10121
  },
  "ops_winner_counts": {
    "interceptor": 210,
    "intruder": 590
  },
  "baseline_winner_counts": {
    "intruder": 800
  },
  "ops_reason_counts": {
    "active_collision": 29,
    "entered_big_circle": 540,
    "entered_small_circle": 21,
    "intercepted_before_small_circle": 208,
    "intercepted_in_big_circle": 1,
    "passive_intercept": 1
  },
  "baseline_reason_counts": {
    "active_collision": 57,
    "entered_big_circle": 742,
    "entered_small_circle": 1
  },
  "episode_reward_quantiles": {
    "min": -182.8941795542836,
    "q25": -103.78771650470794,
    "median": -102.06909298956394,
    "q75": 92.92274553872645,
    "max": 98.83145136296748,
    "std": 88.70577743302438
  },
  "baseline_episode_reward_quantiles": {
    "min": -181.79789577811954,
    "q25": -104.8325478860736,
    "median": -103.03197339475156,
    "q75": -101.70750923544168,
    "max": -100.38095875263214,
    "std": 17.0381083607004
  },
  "acceptance": {
    "process_pass": true,
    "engineering_pass": false,
    "paper_like_pass": false,
    "judgement": "仅达到流程过关：链路已跑通，但相对 baseline 的收益仍不足。"
  },
  "figures": [
    "runs/continuous_sam_geometry_confirm_midbest_is0p03_us0p016_cr0p08_ts1500000_s42_samth10_dc0p02_wu20_cd60_mg0p25_nv0p0005_mx8_fmgeometry_oufalse/20260516_055558/analysis/sam_uncertainty_analysis.png"
  ]
}