{
  "episodes": 800,
  "mean_episode_reward": -55.56664565761639,
  "std_episode_reward": 106.62836049756386,
  "interceptor_win_rate": 0.325,
  "response_policy_accuracy": 0.9937697920969296,
  "detector_method": "oracle",
  "switch_count": 0,
  "baseline_mean_episode_reward": -131.73022099684303,
  "baseline_std_episode_reward": 29.932198340351253,
  "baseline_interceptor_win_rate": 0.0075
}