{
  "episodes": 300,
  "mean_episode_reward": -95.42845286388223,
  "std_episode_reward": 45.79888314538744,
  "interceptor_win_rate": 0.05333333333333334,
  "response_policy_accuracy": 0.4921201308355635,
  "detector_method": "sam",
  "switch_count": 92,
  "baseline_mean_episode_reward": -109.7845787092924,
  "baseline_std_episode_reward": 18.43891505962868,
  "baseline_interceptor_win_rate": 0.0
}