{
  "episodes": 800,
  "mean_episode_reward": -40.13391932719287,
  "std_episode_reward": 93.63906706291203,
  "interceptor_win_rate": 0.31875,
  "response_policy_accuracy": 0.9937502034438983,
  "detector_method": "oracle",
  "switch_count": 0,
  "baseline_mean_episode_reward": -108.67576642323061,
  "baseline_std_episode_reward": 17.038108360700377,
  "baseline_interceptor_win_rate": 0.0
}