{
  "episodes": 300,
  "mean_episode_reward": -54.19198828615249,
  "std_episode_reward": 86.68006607557092,
  "interceptor_win_rate": 0.25,
  "response_policy_accuracy": 0.7119896862913623,
  "detector_method": "sam",
  "switch_count": 71,
  "baseline_mean_episode_reward": -105.95892317854663,
  "baseline_std_episode_reward": 28.605434383111472,
  "baseline_interceptor_win_rate": 0.013333333333333334
}