{
  "episodes": 800,
  "mean_episode_reward": -38.01057645034036,
  "std_episode_reward": 94.40281046877558,
  "interceptor_win_rate": 0.32875,
  "response_policy_accuracy": 0.9937655860349127,
  "detector_method": "oracle",
  "switch_count": 0,
  "baseline_mean_episode_reward": -108.67576642323061,
  "baseline_std_episode_reward": 17.038108360700377,
  "baseline_interceptor_win_rate": 0.0
}