{
  "episodes": 300,
  "mean_episode_reward": -118.30781932503363,
  "std_episode_reward": 64.3915239004206,
  "interceptor_win_rate": 0.06666666666666667,
  "response_policy_accuracy": 0.6107666954406341,
  "detector_method": "sam",
  "switch_count": 82,
  "baseline_mean_episode_reward": -130.30123891045102,
  "baseline_std_episode_reward": 22.371990836341915,
  "baseline_interceptor_win_rate": 0.0
}