{
  "episodes": 300,
  "mean_episode_reward": -71.77003776461407,
  "std_episode_reward": 74.8724157175984,
  "interceptor_win_rate": 0.16333333333333333,
  "response_policy_accuracy": 0.33258000361598267,
  "detector_method": "sam",
  "switch_count": 1,
  "baseline_mean_episode_reward": -105.95892317854663,
  "baseline_std_episode_reward": 28.605434383111472,
  "baseline_interceptor_win_rate": 0.013333333333333334
}