{
  "episodes": 300,
  "mean_episode_reward": -70.70009945468095,
  "std_episode_reward": 76.82201311037157,
  "interceptor_win_rate": 0.17333333333333334,
  "response_policy_accuracy": 0.44006672491857973,
  "detector_method": "sam",
  "switch_count": 31,
  "baseline_mean_episode_reward": -105.95892317854663,
  "baseline_std_episode_reward": 28.605434383111472,
  "baseline_interceptor_win_rate": 0.013333333333333334
}