{
  "output_dir": "runs/continuous_sam_multiseed_tune_is0p03_us0p016_cr0p08_ts300000_s43_samth12_dc0p02_wu30_cd80_mg0p5_nv0p0005_mx8_oufalse/20260514_085003/analysis",
  "episodes": 300,
  "total_steps": 9509,
  "baseline_total_steps": 12506,
  "mean_episode_length": 31.696666666666665,
  "baseline_mean_episode_length": 41.68666666666667,
  "mean_episode_reward": -62.06391193736332,
  "baseline_mean_episode_reward": -91.28706244442874,
  "reward_improvement": 29.22315050706542,
  "interceptor_win_rate": 0.20666666666666667,
  "baseline_interceptor_win_rate": 0.07,
  "win_rate_improvement": 0.13666666666666666,
  "response_policy_accuracy": 0.33641813019244926,
  "switch_count": 1,
  "accuracy_by_intruder_policy": {
    "attack": 0.0,
    "detour": 0.85,
    "direct": 0.14973429196623944
  },
  "intruder_policy_step_counts": {
    "attack": 3110,
    "detour": 3200,
    "direct": 3199
  },
  "ops_winner_counts": {
    "interceptor": 62,
    "intruder": 238
  },
  "baseline_winner_counts": {
    "interceptor": 21,
    "intruder": 279
  },
  "ops_reason_counts": {
    "active_collision": 48,
    "entered_big_circle": 188,
    "entered_small_circle": 2,
    "intercepted_before_small_circle": 62
  },
  "baseline_reason_counts": {
    "active_collision": 30,
    "entered_big_circle": 244,
    "entered_small_circle": 5,
    "intercepted_before_small_circle": 21
  },
  "episode_reward_quantiles": {
    "min": -179.42292064160094,
    "q25": -103.90939107254147,
    "median": -102.57442790567876,
    "q75": -100.70414886385203,
    "max": 98.4472807085514,
    "std": 81.3009459887081
  },
  "baseline_episode_reward_quantiles": {
    "min": -148.24408061027526,
    "q25": -104.89734228551387,
    "median": -103.22114723369478,
    "q75": -101.45295288532972,
    "max": 98.37740521669387,
    "std": 51.554411488168036
  },
  "acceptance": {
    "process_pass": true,
    "engineering_pass": false,
    "paper_like_pass": false,
    "judgement": "仅达到流程过关：链路已跑通，但相对 baseline 的收益仍不足。"
  },
  "figures": [
    "runs/continuous_sam_multiseed_tune_is0p03_us0p016_cr0p08_ts300000_s43_samth12_dc0p02_wu30_cd80_mg0p5_nv0p0005_mx8_oufalse/20260514_085003/analysis/sam_uncertainty_analysis.png"
  ]
}