{
  "episodes": 1000,
  "mean_episode_reward": 80.887,
  "std_episode_reward": 34.43054212468924,
  "aop_accuracy": 0.6270488286278212,
  "switch_count": 1532,
  "baseline_mean_episode_reward": 91.115,
  "baseline_std_episode_reward": 4.0548458663677955
}