{
  "output_dir": "runs/continuous_sam_geometry_reward_tune_is0p03_us0p016_cr0p08_ts300000_s42_samth10_dc0p02_wu20_cd60_mg0p25_nv0p0005_mx8_fmgeometry_oufalse_drguard_arattack_guard_safe/20260518_083419/analysis",
  "episodes": 300,
  "total_steps": 11803,
  "baseline_total_steps": 14453,
  "mean_episode_length": 39.343333333333334,
  "baseline_mean_episode_length": 48.17666666666667,
  "mean_episode_reward": -74.13322831229358,
  "baseline_mean_episode_reward": -135.15575196978006,
  "reward_improvement": 61.022523657486474,
  "interceptor_win_rate": 0.25,
  "baseline_interceptor_win_rate": 0.0033333333333333335,
  "win_rate_improvement": 0.24666666666666667,
  "response_policy_accuracy": 0.6232313818520715,
  "switch_count": 81,
  "accuracy_by_intruder_policy": {
    "attack": 0.5854166666666667,
    "detour": 0.8365287588294652,
    "direct": 0.44811202800700173
  },
  "intruder_policy_step_counts": {
    "attack": 3840,
    "detour": 3964,
    "direct": 3999
  },
  "ops_winner_counts": {
    "interceptor": 75,
    "intruder": 225
  },
  "baseline_winner_counts": {
    "interceptor": 1,
    "intruder": 299
  },
  "ops_reason_counts": {
    "active_collision": 15,
    "entered_big_circle": 207,
    "entered_small_circle": 3,
    "intercepted_before_small_circle": 74,
    "passive_intercept": 1
  },
  "baseline_reason_counts": {
    "active_collision": 25,
    "entered_big_circle": 265,
    "entered_small_circle": 9,
    "intercepted_before_small_circle": 1
  },
  "episode_reward_quantiles": {
    "min": -255.33311627492307,
    "q25": -124.49439965099097,
    "median": -122.0888867789507,
    "q75": -60.50748485766353,
    "max": 118.26453341439368,
    "std": 100.632273915061
  },
  "baseline_episode_reward_quantiles": {
    "min": -290.1693389159441,
    "q25": -125.59592067420482,
    "median": -123.07914365410804,
    "q75": -121.64675722196698,
    "max": 96.96309402793646,
    "std": 42.85528115569868
  },
  "acceptance": {
    "process_pass": true,
    "engineering_pass": false,
    "paper_like_pass": false,
    "judgement": "仅达到流程过关：链路已跑通，但相对 baseline 的收益仍不足。"
  },
  "figures": [
    "runs/continuous_sam_geometry_reward_tune_is0p03_us0p016_cr0p08_ts300000_s42_samth10_dc0p02_wu20_cd60_mg0p25_nv0p0005_mx8_fmgeometry_oufalse_drguard_arattack_guard_safe/20260518_083419/analysis/sam_uncertainty_analysis.png"
  ]
}