{
  "episodes": 800,
  "mean_episode_reward": -38.99147737300141,
  "std_episode_reward": 94.32197772986608,
  "interceptor_win_rate": 0.325,
  "response_policy_accuracy": 0.99375980031361,
  "baseline_mean_episode_reward": -108.67576642323061,
  "baseline_std_episode_reward": 17.038108360700377,
  "baseline_interceptor_win_rate": 0.0
}