{
  "output_dir": "runs/continuous_sam_tune_is0p03_us0p016_cr0p08_ts300000_s42_samth18_dc0p01_wu40_cd120_mg1p25_nv0p001_mx8_oufalse/20260514_015256/analysis",
  "episodes": 300,
  "total_steps": 13000,
  "baseline_total_steps": 14509,
  "mean_episode_length": 43.333333333333336,
  "baseline_mean_episode_length": 48.36333333333334,
  "mean_episode_reward": -107.65988312548895,
  "baseline_mean_episode_reward": -105.95892317854663,
  "reward_improvement": -1.7009599469423193,
  "interceptor_win_rate": 0.0,
  "baseline_interceptor_win_rate": 0.013333333333333334,
  "win_rate_improvement": -0.013333333333333334,
  "response_policy_accuracy": 0.3353846153846154,
  "switch_count": 0,
  "accuracy_by_intruder_policy": {
    "attack": 0.0,
    "detour": 0.0,
    "direct": 1.0
  },
  "intruder_policy_step_counts": {
    "attack": 4320,
    "detour": 4320,
    "direct": 4360
  },
  "ops_winner_counts": {
    "intruder": 300
  },
  "baseline_winner_counts": {
    "interceptor": 4,
    "intruder": 296
  },
  "ops_reason_counts": {
    "active_collision": 24,
    "entered_big_circle": 239,
    "entered_small_circle": 37
  },
  "baseline_reason_counts": {
    "active_collision": 24,
    "entered_big_circle": 265,
    "entered_small_circle": 7,
    "intercepted_before_small_circle": 3,
    "intercepted_in_big_circle": 1
  },
  "episode_reward_quantiles": {
    "min": -190.2087565898894,
    "q25": -106.53147423699498,
    "median": -103.68392329514026,
    "q75": -102.15729207247496,
    "max": -100.47694438576698,
    "std": 12.839977049353763
  },
  "baseline_episode_reward_quantiles": {
    "min": -179.1565157097578,
    "q25": -105.17827001035214,
    "median": -103.15095399081707,
    "q75": -101.77887487411499,
    "max": 97.57403432935476,
    "std": 28.605434383111486
  },
  "acceptance": {
    "process_pass": true,
    "engineering_pass": false,
    "paper_like_pass": false,
    "judgement": "仅达到流程过关：链路已跑通，但相对 baseline 的收益仍不足。"
  },
  "figures": [
    "runs/continuous_sam_tune_is0p03_us0p016_cr0p08_ts300000_s42_samth18_dc0p01_wu40_cd120_mg1p25_nv0p001_mx8_oufalse/20260514_015256/analysis/sam_uncertainty_analysis.png"
  ]
}