{
  "episodes": 300,
  "mean_episode_reward": -129.4273833396527,
  "std_episode_reward": 49.0343687823964,
  "interceptor_win_rate": 0.023333333333333334,
  "response_policy_accuracy": 0.28545544391368805,
  "detector_method": "sam",
  "switch_count": 46,
  "baseline_mean_episode_reward": -130.30123891045102,
  "baseline_std_episode_reward": 22.371990836341915,
  "baseline_interceptor_win_rate": 0.0
}