{
  "episodes": 800,
  "mean_episode_reward": -53.39232530378386,
  "std_episode_reward": 105.06954951476988,
  "interceptor_win_rate": 0.325,
  "response_policy_accuracy": 0.9937753282541741,
  "detector_method": "oracle",
  "switch_count": 0,
  "baseline_mean_episode_reward": -71.344546756732,
  "baseline_std_episode_reward": 93.22550997659788,
  "baseline_interceptor_win_rate": 0.23375
}