{
  "output_dir": "runs/continuous_sam_multiseed_tune_is0p03_us0p016_cr0p08_ts300000_s43_samth10_dc0p02_wu20_cd60_mg0p25_nv0p0005_mx8_oufalse/20260514_081317/analysis",
  "episodes": 300,
  "total_steps": 10542,
  "baseline_total_steps": 12506,
  "mean_episode_length": 35.14,
  "baseline_mean_episode_length": 41.68666666666667,
  "mean_episode_reward": -83.8036694987605,
  "baseline_mean_episode_reward": -91.28706244442874,
  "reward_improvement": 7.483392945668243,
  "interceptor_win_rate": 0.10333333333333333,
  "baseline_interceptor_win_rate": 0.07,
  "win_rate_improvement": 0.033333333333333326,
  "response_policy_accuracy": 0.46803263137924495,
  "switch_count": 48,
  "accuracy_by_intruder_policy": {
    "attack": 0.09363402797602055,
    "detour": 0.5315340909090909,
    "direct": 0.777209434498437
  },
  "intruder_policy_step_counts": {
    "attack": 3503,
    "detour": 3520,
    "direct": 3519
  },
  "ops_winner_counts": {
    "interceptor": 31,
    "intruder": 269
  },
  "baseline_winner_counts": {
    "interceptor": 21,
    "intruder": 279
  },
  "ops_reason_counts": {
    "active_collision": 51,
    "entered_big_circle": 208,
    "entered_small_circle": 10,
    "intercepted_before_small_circle": 31
  },
  "baseline_reason_counts": {
    "active_collision": 30,
    "entered_big_circle": 244,
    "entered_small_circle": 5,
    "intercepted_before_small_circle": 21
  },
  "episode_reward_quantiles": {
    "min": -163.81840990900986,
    "q25": -104.4315334970504,
    "median": -103.11692727327346,
    "q75": -101.30472764998675,
    "max": 98.4551240938902,
    "std": 61.353483681145896
  },
  "baseline_episode_reward_quantiles": {
    "min": -148.24408061027526,
    "q25": -104.89734228551387,
    "median": -103.22114723369478,
    "q75": -101.45295288532972,
    "max": 98.37740521669387,
    "std": 51.554411488168036
  },
  "acceptance": {
    "process_pass": true,
    "engineering_pass": false,
    "paper_like_pass": false,
    "judgement": "仅达到流程过关：链路已跑通，但相对 baseline 的收益仍不足。"
  },
  "figures": [
    "runs/continuous_sam_multiseed_tune_is0p03_us0p016_cr0p08_ts300000_s43_samth10_dc0p02_wu20_cd60_mg0p25_nv0p0005_mx8_oufalse/20260514_081317/analysis/sam_uncertainty_analysis.png"
  ]
}