{
  "output_dir": "runs/continuous_sam_multiseed_tune_is0p03_us0p016_cr0p08_ts300000_s44_samth8_dc0p02_wu20_cd40_mg0p2_nv0p0005_mx8_oufalse/20260514_080021/analysis",
  "episodes": 300,
  "total_steps": 12960,
  "baseline_total_steps": 16394,
  "mean_episode_length": 43.2,
  "baseline_mean_episode_length": 54.64666666666667,
  "mean_episode_reward": -95.3586238182957,
  "baseline_mean_episode_reward": -109.7845787092924,
  "reward_improvement": 14.425954890996707,
  "interceptor_win_rate": 0.05333333333333334,
  "baseline_interceptor_win_rate": 0.0,
  "win_rate_improvement": 0.05333333333333334,
  "response_policy_accuracy": 0.5234567901234568,
  "switch_count": 115,
  "accuracy_by_intruder_policy": {
    "attack": 0.5365740740740741,
    "detour": 0.40717592592592594,
    "direct": 0.6266203703703703
  },
  "intruder_policy_step_counts": {
    "attack": 4320,
    "detour": 4320,
    "direct": 4320
  },
  "ops_winner_counts": {
    "interceptor": 16,
    "intruder": 284
  },
  "baseline_winner_counts": {
    "intruder": 300
  },
  "ops_reason_counts": {
    "active_collision": 22,
    "entered_big_circle": 256,
    "entered_small_circle": 6,
    "intercepted_before_small_circle": 16
  },
  "baseline_reason_counts": {
    "active_collision": 9,
    "entered_big_circle": 285,
    "entered_small_circle": 6
  },
  "episode_reward_quantiles": {
    "min": -156.47981730729336,
    "q25": -105.6200323358178,
    "median": -103.34482548713683,
    "q75": -101.45005095750095,
    "max": 97.7478793218732,
    "std": 45.29663821294442
  },
  "baseline_episode_reward_quantiles": {
    "min": -182.99669804394244,
    "q25": -105.54739215523006,
    "median": -103.33283398985863,
    "q75": -101.69503080427647,
    "max": -100.41263511061669,
    "std": 18.438915059628716
  },
  "acceptance": {
    "process_pass": true,
    "engineering_pass": false,
    "paper_like_pass": false,
    "judgement": "仅达到流程过关：链路已跑通，但相对 baseline 的收益仍不足。"
  },
  "figures": [
    "runs/continuous_sam_multiseed_tune_is0p03_us0p016_cr0p08_ts300000_s44_samth8_dc0p02_wu20_cd40_mg0p2_nv0p0005_mx8_oufalse/20260514_080021/analysis/sam_uncertainty_analysis.png"
  ]
}