{
  "output_dir": "runs/continuous_response_policy_reward_dguard_astrong_is0p03_us0p016_cr0p08_ts1500000_s43/20260518_021140/analysis",
  "episodes": 800,
  "total_steps": 30309,
  "baseline_total_steps": 46163,
  "mean_episode_length": 37.88625,
  "baseline_mean_episode_length": 57.70375,
  "mean_episode_reward": -56.640503034334486,
  "baseline_mean_episode_reward": -132.43647043759674,
  "reward_improvement": 75.79596740326225,
  "interceptor_win_rate": 0.33,
  "baseline_interceptor_win_rate": 0.0,
  "win_rate_improvement": 0.33,
  "response_policy_accuracy": 0.993764228446996,
  "switch_count": 0,
  "accuracy_by_intruder_policy": {
    "attack": 0.99375,
    "detour": 0.99375,
    "direct": 0.9937924918711203
  },
  "intruder_policy_step_counts": {
    "attack": 10080,
    "detour": 10080,
    "direct": 10149
  },
  "ops_winner_counts": {
    "interceptor": 264,
    "intruder": 536
  },
  "baseline_winner_counts": {
    "intruder": 800
  },
  "ops_reason_counts": {
    "active_collision": 26,
    "entered_big_circle": 504,
    "entered_small_circle": 6,
    "intercepted_before_small_circle": 264
  },
  "baseline_reason_counts": {
    "active_collision": 7,
    "entered_big_circle": 792,
    "entered_small_circle": 1
  },
  "episode_reward_quantiles": {
    "min": -303.84360421687364,
    "q25": -122.0804489570856,
    "median": -121.06382523298265,
    "q75": 96.52461263433099,
    "max": 99.68436686623842,
    "std": 112.6243389120152
  },
  "baseline_episode_reward_quantiles": {
    "min": -356.390022861138,
    "q25": -125.11090930849315,
    "median": -122.91333889126778,
    "q75": -121.46419299811126,
    "max": -120.31088357269763,
    "std": 29.752751773000394
  },
  "acceptance": {
    "process_pass": true,
    "engineering_pass": true,
    "paper_like_pass": true,
    "judgement": "达到接近论文效果的候选标准，可继续做多 seed 与参数敏感性验证。"
  },
  "figures": []
}