{
  "episodes": 300,
  "mean_episode_reward": -78.25994232757738,
  "std_episode_reward": 67.81926542015991,
  "interceptor_win_rate": 0.13,
  "response_policy_accuracy": 0.3926972702536645,
  "detector_method": "sam",
  "switch_count": 59,
  "baseline_mean_episode_reward": -91.28706244442874,
  "baseline_std_episode_reward": 51.55441148816803,
  "baseline_interceptor_win_rate": 0.07
}