{
  "episodes": 1000,
  "mean_episode_reward": 78.637,
  "std_episode_reward": 39.40471077168312,
  "aop_accuracy": 0.5896095133676309,
  "switch_count": 1890,
  "baseline_mean_episode_reward": 90.854,
  "baseline_std_episode_reward": 4.08566812161732
}