{
  "output_dir": "runs/continuous_response_attack_reward_dguard_abalanced_is0p03_us0p016_cr0p08_ts1500000_s42/20260518_034506/analysis",
  "episodes": 800,
  "total_steps": 32169,
  "baseline_total_steps": 47616,
  "mean_episode_length": 40.21125,
  "baseline_mean_episode_length": 59.52,
  "mean_episode_reward": -51.29314481135968,
  "baseline_mean_episode_reward": -129.85920270213543,
  "reward_improvement": 78.56605789077575,
  "interceptor_win_rate": 0.33375,
  "baseline_interceptor_win_rate": 0.0,
  "win_rate_improvement": 0.33375,
  "response_policy_accuracy": 0.9937517485778233,
  "switch_count": 0,
  "accuracy_by_intruder_policy": {
    "attack": 0.99375,
    "detour": 0.99375,
    "direct": 0.9937552427998881
  },
  "intruder_policy_step_counts": {
    "attack": 10720,
    "detour": 10720,
    "direct": 10729
  },
  "ops_winner_counts": {
    "interceptor": 267,
    "intruder": 533
  },
  "baseline_winner_counts": {
    "intruder": 800
  },
  "ops_reason_counts": {
    "active_collision": 13,
    "entered_big_circle": 510,
    "entered_small_circle": 10,
    "intercepted_before_small_circle": 264,
    "intercepted_in_big_circle": 3
  },
  "baseline_reason_counts": {
    "entered_big_circle": 776,
    "entered_small_circle": 24
  },
  "episode_reward_quantiles": {
    "min": -193.6627033023536,
    "q25": -122.83528427891433,
    "median": -121.22463543772699,
    "q75": 96.35436850972474,
    "max": 119.62205621674656,
    "std": 105.34473076746629
  },
  "baseline_episode_reward_quantiles": {
    "min": -221.92044848024847,
    "q25": -125.92818292856217,
    "median": -122.89280100375413,
    "q75": -121.43720405742526,
    "max": -111.18290009617806,
    "std": 19.56270113038564
  },
  "acceptance": {
    "process_pass": true,
    "engineering_pass": true,
    "paper_like_pass": true,
    "judgement": "达到接近论文效果的候选标准，可继续做多 seed 与参数敏感性验证。"
  },
  "figures": []
}