{
  "output_dir": "runs/continuous_sam_geometry_reward_tune_is0p03_us0p016_cr0p08_ts300000_s42_samth12_dc0p02_wu30_cd120_mg0p6_nv0p0005_mx8_fmgeometry_oufalse_drguard_arattack_guard_safe/20260518_083427/analysis",
  "episodes": 300,
  "total_steps": 12322,
  "baseline_total_steps": 14453,
  "mean_episode_length": 41.07333333333333,
  "baseline_mean_episode_length": 48.17666666666667,
  "mean_episode_reward": -109.94536500329275,
  "baseline_mean_episode_reward": -135.15575196978006,
  "reward_improvement": 25.210386966487306,
  "interceptor_win_rate": 0.09333333333333334,
  "baseline_interceptor_win_rate": 0.0033333333333333335,
  "win_rate_improvement": 0.09000000000000001,
  "response_policy_accuracy": 0.3657685440675215,
  "switch_count": 16,
  "accuracy_by_intruder_policy": {
    "attack": 0.3177616787409443,
    "detour": 0.3189903846153846,
    "direct": 0.458764125991825
  },
  "intruder_policy_step_counts": {
    "attack": 4003,
    "detour": 4160,
    "direct": 4159
  },
  "ops_winner_counts": {
    "interceptor": 28,
    "intruder": 272
  },
  "baseline_winner_counts": {
    "interceptor": 1,
    "intruder": 299
  },
  "ops_reason_counts": {
    "active_collision": 18,
    "entered_big_circle": 237,
    "entered_small_circle": 17,
    "intercepted_before_small_circle": 28
  },
  "baseline_reason_counts": {
    "active_collision": 25,
    "entered_big_circle": 265,
    "entered_small_circle": 9,
    "intercepted_before_small_circle": 1
  },
  "episode_reward_quantiles": {
    "min": -288.35528433620925,
    "q25": -124.06355712026357,
    "median": -122.12280711114406,
    "q75": -120.96169180840255,
    "max": 98.50113014191388,
    "std": 72.2777526148827
  },
  "baseline_episode_reward_quantiles": {
    "min": -290.1693389159441,
    "q25": -125.59592067420482,
    "median": -123.07914365410804,
    "q75": -121.64675722196698,
    "max": 96.96309402793646,
    "std": 42.85528115569868
  },
  "acceptance": {
    "process_pass": true,
    "engineering_pass": false,
    "paper_like_pass": false,
    "judgement": "仅达到流程过关：链路已跑通，但相对 baseline 的收益仍不足。"
  },
  "figures": [
    "runs/continuous_sam_geometry_reward_tune_is0p03_us0p016_cr0p08_ts300000_s42_samth12_dc0p02_wu30_cd120_mg0p6_nv0p0005_mx8_fmgeometry_oufalse_drguard_arattack_guard_safe/20260518_083427/analysis/sam_uncertainty_analysis.png"
  ]
}