{
  "output_dir": "runs/continuous_sam_multiseed_tune_is0p03_us0p016_cr0p08_ts300000_s44_samth10_dc0p01_wu30_cd80_mg0p35_nv0p001_mx8_fmgeometry_oufalse/20260516_030631/analysis",
  "episodes": 300,
  "total_steps": 12630,
  "baseline_total_steps": 16394,
  "mean_episode_length": 42.1,
  "baseline_mean_episode_length": 54.64666666666667,
  "mean_episode_reward": -98.46242484167591,
  "baseline_mean_episode_reward": -109.7845787092924,
  "reward_improvement": 11.322153867616493,
  "interceptor_win_rate": 0.04,
  "baseline_interceptor_win_rate": 0.0,
  "win_rate_improvement": 0.04,
  "response_policy_accuracy": 0.3482185273159145,
  "switch_count": 17,
  "accuracy_by_intruder_policy": {
    "attack": 0.33774038461538464,
    "detour": 0.5533653846153846,
    "direct": 0.1603248259860789
  },
  "intruder_policy_step_counts": {
    "attack": 4160,
    "detour": 4160,
    "direct": 4310
  },
  "ops_winner_counts": {
    "interceptor": 12,
    "intruder": 288
  },
  "baseline_winner_counts": {
    "intruder": 300
  },
  "ops_reason_counts": {
    "active_collision": 32,
    "entered_big_circle": 253,
    "entered_small_circle": 3,
    "intercepted_before_small_circle": 12
  },
  "baseline_reason_counts": {
    "active_collision": 9,
    "entered_big_circle": 285,
    "entered_small_circle": 6
  },
  "episode_reward_quantiles": {
    "min": -168.20894700169552,
    "q25": -105.69345778852701,
    "median": -103.45627835035324,
    "q75": -101.77297491133211,
    "max": 98.76235663533213,
    "std": 41.04148532163874
  },
  "baseline_episode_reward_quantiles": {
    "min": -182.99669804394244,
    "q25": -105.54739215523006,
    "median": -103.33283398985863,
    "q75": -101.69503080427647,
    "max": -100.41263511061669,
    "std": 18.438915059628716
  },
  "acceptance": {
    "process_pass": true,
    "engineering_pass": false,
    "paper_like_pass": false,
    "judgement": "仅达到流程过关：链路已跑通，但相对 baseline 的收益仍不足。"
  },
  "figures": [
    "runs/continuous_sam_multiseed_tune_is0p03_us0p016_cr0p08_ts300000_s44_samth10_dc0p01_wu30_cd80_mg0p35_nv0p001_mx8_fmgeometry_oufalse/20260516_030631/analysis/sam_uncertainty_analysis.png"
  ]
}