{
  "episodes": 300,
  "mean_episode_reward": -59.81699186023573,
  "std_episode_reward": 83.03065472328417,
  "interceptor_win_rate": 0.22,
  "response_policy_accuracy": 0.6267992424242425,
  "detector_method": "sam",
  "switch_count": 69,
  "baseline_mean_episode_reward": -91.28706244442874,
  "baseline_std_episode_reward": 51.55441148816803,
  "baseline_interceptor_win_rate": 0.07
}