{
  "episodes": 1000,
  "mean_episode_reward": 81.246,
  "std_episode_reward": 33.70640123181352,
  "aop_accuracy": 0.6125042647560559,
  "switch_count": 1384,
  "baseline_mean_episode_reward": 90.854,
  "baseline_std_episode_reward": 4.08566812161732
}