{
  "output_dir": "/mnt/users/xj62kv/reinforcement-learning-strategy/runs/continuous_confirm_is0p03_us0p016_cr0p1_ts1500000_s43/20260513_234537/analysis",
  "episodes": 800,
  "total_steps": 32676,
  "baseline_total_steps": 31707,
  "mean_episode_length": 40.845,
  "baseline_mean_episode_length": 39.63375,
  "mean_episode_reward": -91.39838782980134,
  "baseline_mean_episode_reward": -71.15730914131747,
  "reward_improvement": -20.241078688483867,
  "interceptor_win_rate": 0.07125,
  "baseline_interceptor_win_rate": 0.15875,
  "win_rate_improvement": -0.08750000000000001,
  "response_policy_accuracy": 0.3387807565185457,
  "switch_count": 745,
  "accuracy_by_intruder_policy": {
    "attack": 0.521047794117647,
    "detour": 0.20551470588235293,
    "direct": 0.28994137046537194
  },
  "intruder_policy_step_counts": {
    "attack": 10880,
    "detour": 10880,
    "direct": 10916
  },
  "ops_winner_counts": {
    "interceptor": 57,
    "intruder": 743
  },
  "baseline_winner_counts": {
    "interceptor": 127,
    "intruder": 673
  },
  "ops_reason_counts": {
    "active_collision": 46,
    "entered_big_circle": 616,
    "entered_small_circle": 81,
    "intercepted_before_small_circle": 56,
    "intercepted_in_big_circle": 1
  },
  "baseline_reason_counts": {
    "active_collision": 27,
    "entered_big_circle": 646,
    "intercepted_before_small_circle": 126,
    "intercepted_in_big_circle": 1
  },
  "episode_reward_quantiles": {
    "min": -158.83905016422267,
    "q25": -104.64239504486324,
    "median": -102.71173941493035,
    "q75": -101.36419136971234,
    "max": 98.90522144168617,
    "std": 52.698743899384375
  },
  "baseline_episode_reward_quantiles": {
    "min": -114.09529410451651,
    "q25": -103.54571098193526,
    "median": -102.13551765024661,
    "q75": -100.87902211546898,
    "max": 99.36703513994813,
    "std": 73.01419356383623
  },
  "acceptance": {
    "process_pass": true,
    "engineering_pass": false,
    "paper_like_pass": false,
    "judgement": "仅达到流程过关：链路已跑通，但相对 baseline 的收益仍不足。"
  },
  "figures": [
    "/mnt/users/xj62kv/reinforcement-learning-strategy/runs/continuous_confirm_is0p03_us0p016_cr0p1_ts1500000_s43/20260513_234537/analysis/sam_uncertainty_analysis.png"
  ]
}