{
  "output_dir": "runs/continuous_sam_tune_is0p03_us0p016_cr0p08_ts300000_s42_samth18_dc0p02_wu40_cd160_mg1p25_nv0p0005_mx8_oufalse/20260514_015245/analysis",
  "episodes": 300,
  "total_steps": 11062,
  "baseline_total_steps": 14509,
  "mean_episode_length": 36.873333333333335,
  "baseline_mean_episode_length": 48.36333333333334,
  "mean_episode_reward": -71.77003776461407,
  "baseline_mean_episode_reward": -105.95892317854663,
  "reward_improvement": 34.18888541393255,
  "interceptor_win_rate": 0.16333333333333333,
  "baseline_interceptor_win_rate": 0.013333333333333334,
  "win_rate_improvement": 0.15,
  "response_policy_accuracy": 0.33258000361598267,
  "switch_count": 1,
  "accuracy_by_intruder_policy": {
    "attack": 0.0,
    "detour": 0.5652173913043478,
    "direct": 0.4319286871961102
  },
  "intruder_policy_step_counts": {
    "attack": 3680,
    "detour": 3680,
    "direct": 3702
  },
  "ops_winner_counts": {
    "interceptor": 49,
    "intruder": 251
  },
  "baseline_winner_counts": {
    "interceptor": 4,
    "intruder": 296
  },
  "ops_reason_counts": {
    "active_collision": 24,
    "entered_big_circle": 211,
    "entered_small_circle": 16,
    "intercepted_before_small_circle": 49
  },
  "baseline_reason_counts": {
    "active_collision": 24,
    "entered_big_circle": 265,
    "entered_small_circle": 7,
    "intercepted_before_small_circle": 3,
    "intercepted_in_big_circle": 1
  },
  "episode_reward_quantiles": {
    "min": -171.30691248357294,
    "q25": -104.13174721032381,
    "median": -102.46480127334596,
    "q75": -101.07602503180505,
    "max": 98.78550088733436,
    "std": 74.8724157175984
  },
  "baseline_episode_reward_quantiles": {
    "min": -179.1565157097578,
    "q25": -105.17827001035214,
    "median": -103.15095399081707,
    "q75": -101.77887487411499,
    "max": 97.57403432935476,
    "std": 28.605434383111486
  },
  "acceptance": {
    "process_pass": true,
    "engineering_pass": false,
    "paper_like_pass": false,
    "judgement": "仅达到流程过关：链路已跑通，但相对 baseline 的收益仍不足。"
  },
  "figures": [
    "runs/continuous_sam_tune_is0p03_us0p016_cr0p08_ts300000_s42_samth18_dc0p02_wu40_cd160_mg1p25_nv0p0005_mx8_oufalse/20260514_015245/analysis/sam_uncertainty_analysis.png"
  ]
}