{
  "episodes": 300,
  "mean_episode_reward": -93.03625725531975,
  "std_episode_reward": 101.11541114859263,
  "interceptor_win_rate": 0.2,
  "response_policy_accuracy": 0.3385416666666667,
  "detector_method": "sam",
  "switch_count": 7,
  "baseline_mean_episode_reward": -136.05396951430788,
  "baseline_std_episode_reward": 40.84700704519704,
  "baseline_interceptor_win_rate": 0.0
}