{
  "output_dir": "runs/continuous_sam_geometry_narrow_tune_is0p03_us0p016_cr0p08_ts300000_s43_samth10_dc0p02_wu20_cd80_mg0p25_nv0p0005_mx8_fmgeometry_oufalse/20260516_074144/analysis",
  "episodes": 300,
  "total_steps": 10852,
  "baseline_total_steps": 12506,
  "mean_episode_length": 36.17333333333333,
  "baseline_mean_episode_length": 41.68666666666667,
  "mean_episode_reward": -59.82886463985492,
  "baseline_mean_episode_reward": -91.28706244442874,
  "reward_improvement": 31.45819780457382,
  "interceptor_win_rate": 0.22,
  "baseline_interceptor_win_rate": 0.07,
  "win_rate_improvement": 0.15,
  "response_policy_accuracy": 0.5340950976778474,
  "switch_count": 68,
  "accuracy_by_intruder_policy": {
    "attack": 0.5230113636363637,
    "detour": 0.7782644401861484,
    "direct": 0.3022560478390867
  },
  "intruder_policy_step_counts": {
    "attack": 3520,
    "detour": 3653,
    "direct": 3679
  },
  "ops_winner_counts": {
    "interceptor": 66,
    "intruder": 234
  },
  "baseline_winner_counts": {
    "interceptor": 21,
    "intruder": 279
  },
  "ops_reason_counts": {
    "active_collision": 19,
    "entered_big_circle": 208,
    "entered_small_circle": 7,
    "intercepted_before_small_circle": 65,
    "passive_intercept": 1
  },
  "baseline_reason_counts": {
    "active_collision": 30,
    "entered_big_circle": 244,
    "entered_small_circle": 5,
    "intercepted_before_small_circle": 21
  },
  "episode_reward_quantiles": {
    "min": -128.6064774233103,
    "q25": -103.92288265973329,
    "median": -102.34407885402442,
    "q75": -100.61514294803143,
    "max": 98.63286904156207,
    "std": 82.89285743590155
  },
  "baseline_episode_reward_quantiles": {
    "min": -148.24408061027526,
    "q25": -104.89734228551387,
    "median": -103.22114723369478,
    "q75": -101.45295288532972,
    "max": 98.37740521669387,
    "std": 51.554411488168036
  },
  "acceptance": {
    "process_pass": true,
    "engineering_pass": false,
    "paper_like_pass": false,
    "judgement": "仅达到流程过关：链路已跑通，但相对 baseline 的收益仍不足。"
  },
  "figures": [
    "runs/continuous_sam_geometry_narrow_tune_is0p03_us0p016_cr0p08_ts300000_s43_samth10_dc0p02_wu20_cd80_mg0p25_nv0p0005_mx8_fmgeometry_oufalse/20260516_074144/analysis/sam_uncertainty_analysis.png"
  ]
}