{
  "output_dir": "runs/continuous_sam_geometry_narrow_tune_is0p03_us0p016_cr0p08_ts300000_s44_samth10_dc0p02_wu20_cd80_mg0p3_nv0p0005_mx8_fmgeometry_oufalse/20260516_074147/analysis",
  "episodes": 300,
  "total_steps": 14046,
  "baseline_total_steps": 16394,
  "mean_episode_length": 46.82,
  "baseline_mean_episode_length": 54.64666666666667,
  "mean_episode_reward": -96.46977084655016,
  "baseline_mean_episode_reward": -109.7845787092924,
  "reward_improvement": 13.314807862742242,
  "interceptor_win_rate": 0.05,
  "baseline_interceptor_win_rate": 0.0,
  "win_rate_improvement": 0.05,
  "response_policy_accuracy": 0.5012815036309269,
  "switch_count": 84,
  "accuracy_by_intruder_policy": {
    "attack": 0.5726293103448276,
    "detour": 0.5426724137931035,
    "direct": 0.39152328997062524
  },
  "intruder_policy_step_counts": {
    "attack": 4640,
    "detour": 4640,
    "direct": 4766
  },
  "ops_winner_counts": {
    "interceptor": 15,
    "intruder": 285
  },
  "baseline_winner_counts": {
    "intruder": 300
  },
  "ops_reason_counts": {
    "active_collision": 17,
    "entered_big_circle": 262,
    "entered_small_circle": 6,
    "intercepted_before_small_circle": 15
  },
  "baseline_reason_counts": {
    "active_collision": 9,
    "entered_big_circle": 285,
    "entered_small_circle": 6
  },
  "episode_reward_quantiles": {
    "min": -170.31057288527475,
    "q25": -105.49692082703115,
    "median": -103.32750683188439,
    "q75": -101.53839266806841,
    "max": 98.0463126412034,
    "std": 44.122940237456056
  },
  "baseline_episode_reward_quantiles": {
    "min": -182.99669804394244,
    "q25": -105.54739215523006,
    "median": -103.33283398985863,
    "q75": -101.69503080427647,
    "max": -100.41263511061669,
    "std": 18.438915059628716
  },
  "acceptance": {
    "process_pass": true,
    "engineering_pass": false,
    "paper_like_pass": false,
    "judgement": "仅达到流程过关：链路已跑通，但相对 baseline 的收益仍不足。"
  },
  "figures": [
    "runs/continuous_sam_geometry_narrow_tune_is0p03_us0p016_cr0p08_ts300000_s44_samth10_dc0p02_wu20_cd80_mg0p3_nv0p0005_mx8_fmgeometry_oufalse/20260516_074147/analysis/sam_uncertainty_analysis.png"
  ]
}