{
  "episodes": 300,
  "mean_episode_reward": -65.63591981240461,
  "std_episode_reward": 81.03608618431053,
  "interceptor_win_rate": 0.19666666666666666,
  "response_policy_accuracy": 0.37293619845681575,
  "detector_method": "sam",
  "switch_count": 20,
  "baseline_mean_episode_reward": -105.95892317854663,
  "baseline_std_episode_reward": 28.605434383111472,
  "baseline_interceptor_win_rate": 0.013333333333333334
}