{
  "episodes": 300,
  "mean_episode_reward": -106.42506337613362,
  "std_episode_reward": 17.59997259557462,
  "interceptor_win_rate": 0.0033333333333333335,
  "response_policy_accuracy": 0.3333333333333333,
  "detector_method": "sam",
  "switch_count": 0,
  "baseline_mean_episode_reward": -91.28706244442874,
  "baseline_std_episode_reward": 51.55441148816803,
  "baseline_interceptor_win_rate": 0.07
}