{
  "episodes": 300,
  "mean_episode_reward": -73.90047600646204,
  "std_episode_reward": 74.17783969119019,
  "interceptor_win_rate": 0.15666666666666668,
  "response_policy_accuracy": 0.3500128744313793,
  "detector_method": "sam",
  "switch_count": 11,
  "baseline_mean_episode_reward": -105.95892317854663,
  "baseline_std_episode_reward": 28.605434383111472,
  "baseline_interceptor_win_rate": 0.013333333333333334
}