{
  "episodes": 800,
  "mean_episode_reward": -68.0348768489805,
  "std_episode_reward": 79.2543586726826,
  "interceptor_win_rate": 0.18625,
  "response_policy_accuracy": 0.6235852274489131,
  "detector_method": "sam",
  "switch_count": 214,
  "baseline_mean_episode_reward": -55.589529042089396,
  "baseline_std_episode_reward": 84.56145750393645,
  "baseline_interceptor_win_rate": 0.235
}