{
  "output_dir": "/mnt/users/xj62kv/reinforcement-learning-strategy/runs/continuous_sam_tune_is0p03_us0p016_cr0p08_ts300000_s42_samth10_dc0p02_wu40_cd80_mg0p25_nv0p0005_mx8_oufalse/20260514_015209/analysis",
  "episodes": 300,
  "total_steps": 12154,
  "baseline_total_steps": 14509,
  "mean_episode_length": 40.513333333333335,
  "baseline_mean_episode_length": 48.36333333333334,
  "mean_episode_reward": -83.64033561363618,
  "baseline_mean_episode_reward": -105.95892317854663,
  "reward_improvement": 22.318587564910445,
  "interceptor_win_rate": 0.11,
  "baseline_interceptor_win_rate": 0.013333333333333334,
  "win_rate_improvement": 0.09666666666666666,
  "response_policy_accuracy": 0.42595030442652626,
  "switch_count": 58,
  "accuracy_by_intruder_policy": {
    "attack": 0.4495,
    "detour": 0.38075,
    "direct": 0.4467982667308618
  },
  "intruder_policy_step_counts": {
    "attack": 4000,
    "detour": 4000,
    "direct": 4154
  },
  "ops_winner_counts": {
    "interceptor": 33,
    "intruder": 267
  },
  "baseline_winner_counts": {
    "interceptor": 4,
    "intruder": 296
  },
  "ops_reason_counts": {
    "active_collision": 15,
    "entered_big_circle": 231,
    "entered_small_circle": 21,
    "intercepted_before_small_circle": 33
  },
  "baseline_reason_counts": {
    "active_collision": 24,
    "entered_big_circle": 265,
    "entered_small_circle": 7,
    "intercepted_before_small_circle": 3,
    "intercepted_in_big_circle": 1
  },
  "episode_reward_quantiles": {
    "min": -162.0810645261406,
    "q25": -104.91478111475706,
    "median": -102.9885588389635,
    "q75": -101.42714844673871,
    "max": 98.52223812252284,
    "std": 63.176891082097036
  },
  "baseline_episode_reward_quantiles": {
    "min": -179.1565157097578,
    "q25": -105.17827001035214,
    "median": -103.15095399081707,
    "q75": -101.77887487411499,
    "max": 97.57403432935476,
    "std": 28.605434383111486
  },
  "acceptance": {
    "process_pass": true,
    "engineering_pass": false,
    "paper_like_pass": false,
    "judgement": "仅达到流程过关：链路已跑通，但相对 baseline 的收益仍不足。"
  },
  "figures": [
    "/mnt/users/xj62kv/reinforcement-learning-strategy/runs/continuous_sam_tune_is0p03_us0p016_cr0p08_ts300000_s42_samth10_dc0p02_wu40_cd80_mg0p25_nv0p0005_mx8_oufalse/20260514_015209/analysis/sam_uncertainty_analysis.png"
  ]
}