{
  "output_dir": "runs/continuous_response_reward_chase_is0p03_us0p016_cr0p08_ts1500000_s43/20260517_222542/analysis",
  "episodes": 800,
  "total_steps": 29599,
  "baseline_total_steps": 35157,
  "mean_episode_length": 36.99875,
  "baseline_mean_episode_length": 43.94625,
  "mean_episode_reward": -49.294579651381746,
  "baseline_mean_episode_reward": -88.5660800480323,
  "reward_improvement": 39.27150039665056,
  "interceptor_win_rate": 0.32375,
  "baseline_interceptor_win_rate": 0.15875,
  "win_rate_improvement": 0.16499999999999998,
  "response_policy_accuracy": 0.9937835737693841,
  "switch_count": 0,
  "accuracy_by_intruder_policy": {
    "attack": 0.99375,
    "detour": 0.99375,
    "direct": 0.993850186510737
  },
  "intruder_policy_step_counts": {
    "attack": 9760,
    "detour": 9920,
    "direct": 9919
  },
  "ops_winner_counts": {
    "interceptor": 259,
    "intruder": 541
  },
  "baseline_winner_counts": {
    "interceptor": 127,
    "intruder": 673
  },
  "ops_reason_counts": {
    "active_collision": 37,
    "entered_big_circle": 503,
    "entered_small_circle": 1,
    "intercepted_before_small_circle": 254,
    "intercepted_in_big_circle": 2,
    "passive_intercept": 3
  },
  "baseline_reason_counts": {
    "active_collision": 46,
    "entered_big_circle": 624,
    "entered_small_circle": 3,
    "intercepted_before_small_circle": 121,
    "intercepted_in_big_circle": 5,
    "passive_intercept": 1
  },
  "episode_reward_quantiles": {
    "min": -186.0326318097114,
    "q25": -125.85824633561074,
    "median": -122.82209922611713,
    "q75": 112.32573008487,
    "max": 117.45889834992587,
    "std": 112.91130293723167
  },
  "baseline_episode_reward_quantiles": {
    "min": -155.72208296626803,
    "q25": -126.89374092958867,
    "median": -124.10260543942451,
    "q75": -121.73467608958484,
    "max": 116.03098415805027,
    "std": 86.52990256073257
  },
  "acceptance": {
    "process_pass": true,
    "engineering_pass": true,
    "paper_like_pass": true,
    "judgement": "达到接近论文效果的候选标准，可继续做多 seed 与参数敏感性验证。"
  },
  "figures": []
}