{
  "episodes": 300,
  "mean_episode_reward": -95.51036170558658,
  "std_episode_reward": 44.42212705040458,
  "interceptor_win_rate": 0.05,
  "response_policy_accuracy": 0.32908163265306123,
  "detector_method": "sam",
  "switch_count": 1,
  "baseline_mean_episode_reward": -109.7845787092924,
  "baseline_std_episode_reward": 18.43891505962868,
  "baseline_interceptor_win_rate": 0.0
}