{
  "episodes": 300,
  "mean_episode_reward": -106.90961248061856,
  "std_episode_reward": 79.22111640279128,
  "interceptor_win_rate": 0.11333333333333333,
  "response_policy_accuracy": 0.4454907364875211,
  "detector_method": "sam",
  "switch_count": 35,
  "baseline_mean_episode_reward": -135.15575196978006,
  "baseline_std_episode_reward": 42.85528115569868,
  "baseline_interceptor_win_rate": 0.0033333333333333335
}