{
  "output_dir": "/mnt/users/xj62kv/reinforcement-learning-strategy/runs/continuous_sam_tune_is0p03_us0p016_cr0p08_ts300000_s42_samth12_dc0p01_wu40_cd120_mg0p5_nv0p001_mx8_oufalse/20260514_015221/analysis",
  "episodes": 300,
  "total_steps": 11069,
  "baseline_total_steps": 14509,
  "mean_episode_length": 36.89666666666667,
  "baseline_mean_episode_length": 48.36333333333334,
  "mean_episode_reward": -70.55788112925974,
  "baseline_mean_episode_reward": -105.95892317854663,
  "reward_improvement": 35.401042049286886,
  "interceptor_win_rate": 0.17,
  "baseline_interceptor_win_rate": 0.013333333333333334,
  "win_rate_improvement": 0.15666666666666668,
  "response_policy_accuracy": 0.3361640617942,
  "switch_count": 2,
  "accuracy_by_intruder_policy": {
    "attack": 0.3592391304347826,
    "detour": 0.6086956521739131,
    "direct": 0.04286869776220006
  },
  "intruder_policy_step_counts": {
    "attack": 3680,
    "detour": 3680,
    "direct": 3709
  },
  "ops_winner_counts": {
    "interceptor": 51,
    "intruder": 249
  },
  "baseline_winner_counts": {
    "interceptor": 4,
    "intruder": 296
  },
  "ops_reason_counts": {
    "active_collision": 24,
    "entered_big_circle": 214,
    "entered_small_circle": 11,
    "intercepted_before_small_circle": 51
  },
  "baseline_reason_counts": {
    "active_collision": 24,
    "entered_big_circle": 265,
    "entered_small_circle": 7,
    "intercepted_before_small_circle": 3,
    "intercepted_in_big_circle": 1
  },
  "episode_reward_quantiles": {
    "min": -179.37428182601914,
    "q25": -103.91203194230793,
    "median": -102.48491166889667,
    "q75": -101.02716535270214,
    "max": 98.33373100608588,
    "std": 76.29322900624611
  },
  "baseline_episode_reward_quantiles": {
    "min": -179.1565157097578,
    "q25": -105.17827001035214,
    "median": -103.15095399081707,
    "q75": -101.77887487411499,
    "max": 97.57403432935476,
    "std": 28.605434383111486
  },
  "acceptance": {
    "process_pass": true,
    "engineering_pass": false,
    "paper_like_pass": false,
    "judgement": "仅达到流程过关：链路已跑通，但相对 baseline 的收益仍不足。"
  },
  "figures": [
    "/mnt/users/xj62kv/reinforcement-learning-strategy/runs/continuous_sam_tune_is0p03_us0p016_cr0p08_ts300000_s42_samth12_dc0p01_wu40_cd120_mg0p5_nv0p001_mx8_oufalse/20260514_015221/analysis/sam_uncertainty_analysis.png"
  ]
}