{
  "episodes": 300,
  "mean_episode_reward": -81.3976741911826,
  "std_episode_reward": 65.99897725652633,
  "interceptor_win_rate": 0.12,
  "response_policy_accuracy": 0.48091665979721376,
  "detector_method": "sam",
  "switch_count": 97,
  "baseline_mean_episode_reward": -105.95892317854663,
  "baseline_std_episode_reward": 28.605434383111472,
  "baseline_interceptor_win_rate": 0.013333333333333334
}