{
  "output_dir": "runs/continuous_response_attack_reward_dguard_achase_light_is0p03_us0p016_cr0p08_ts1500000_s44/20260518_034551/analysis",
  "episodes": 800,
  "total_steps": 32456,
  "baseline_total_steps": 31328,
  "mean_episode_length": 40.57,
  "baseline_mean_episode_length": 39.16,
  "mean_episode_reward": -48.737067952715414,
  "baseline_mean_episode_reward": -86.82326298953221,
  "reward_improvement": 38.0861950368168,
  "interceptor_win_rate": 0.345,
  "baseline_interceptor_win_rate": 0.165,
  "win_rate_improvement": 0.17999999999999997,
  "response_policy_accuracy": 0.9937761893024403,
  "switch_count": 0,
  "accuracy_by_intruder_policy": {
    "attack": 0.99375,
    "detour": 0.9937367596942065,
    "direct": 0.9938413457119221
  },
  "intruder_policy_step_counts": {
    "attack": 10720,
    "detour": 10857,
    "direct": 10879
  },
  "ops_winner_counts": {
    "interceptor": 276,
    "intruder": 524
  },
  "baseline_winner_counts": {
    "interceptor": 132,
    "intruder": 668
  },
  "ops_reason_counts": {
    "active_collision": 10,
    "entered_big_circle": 514,
    "intercepted_before_small_circle": 271,
    "intercepted_in_big_circle": 5
  },
  "baseline_reason_counts": {
    "active_collision": 31,
    "entered_big_circle": 637,
    "intercepted_before_small_circle": 127,
    "passive_intercept": 5
  },
  "episode_reward_quantiles": {
    "min": -176.5704340580106,
    "q25": -122.2481349416077,
    "median": -121.14722626596689,
    "q75": 96.56753202892838,
    "max": 119.5711532767117,
    "std": 106.35036986002535
  },
  "baseline_episode_reward_quantiles": {
    "min": -147.10044228315354,
    "q25": -122.59143924117089,
    "median": -121.56785483151674,
    "q75": -120.71279613554478,
    "max": 118.11348197489977,
    "std": 82.3119061401118
  },
  "acceptance": {
    "process_pass": true,
    "engineering_pass": true,
    "paper_like_pass": true,
    "judgement": "达到接近论文效果的候选标准，可继续做多 seed 与参数敏感性验证。"
  },
  "figures": []
}