{
  "output_dir": "runs/continuous_sam_multiseed_tune_is0p03_us0p016_cr0p08_ts300000_s44_samth10_dc0p02_wu20_cd60_mg0p25_nv0p0005_mx8_oufalse/20260514_081306/analysis",
  "episodes": 300,
  "total_steps": 13112,
  "baseline_total_steps": 16394,
  "mean_episode_length": 43.70666666666666,
  "baseline_mean_episode_length": 54.64666666666667,
  "mean_episode_reward": -100.68899781925877,
  "baseline_mean_episode_reward": -109.7845787092924,
  "reward_improvement": 9.09558089003363,
  "interceptor_win_rate": 0.03,
  "baseline_interceptor_win_rate": 0.0,
  "win_rate_improvement": 0.03,
  "response_policy_accuracy": 0.399862721171446,
  "switch_count": 70,
  "accuracy_by_intruder_policy": {
    "attack": 0.48726851851851855,
    "detour": 0.28935185185185186,
    "direct": 0.4221824686940966
  },
  "intruder_policy_step_counts": {
    "attack": 4320,
    "detour": 4320,
    "direct": 4472
  },
  "ops_winner_counts": {
    "interceptor": 9,
    "intruder": 291
  },
  "baseline_winner_counts": {
    "intruder": 300
  },
  "ops_reason_counts": {
    "active_collision": 26,
    "entered_big_circle": 253,
    "entered_small_circle": 12,
    "intercepted_before_small_circle": 9
  },
  "baseline_reason_counts": {
    "active_collision": 9,
    "entered_big_circle": 285,
    "entered_small_circle": 6
  },
  "episode_reward_quantiles": {
    "min": -162.78368245035404,
    "q25": -106.03720961987973,
    "median": -103.33860232174396,
    "q75": -101.76288568645715,
    "max": 98.06172705203296,
    "std": 35.34486834876322
  },
  "baseline_episode_reward_quantiles": {
    "min": -182.99669804394244,
    "q25": -105.54739215523006,
    "median": -103.33283398985863,
    "q75": -101.69503080427647,
    "max": -100.41263511061669,
    "std": 18.438915059628716
  },
  "acceptance": {
    "process_pass": true,
    "engineering_pass": false,
    "paper_like_pass": false,
    "judgement": "仅达到流程过关：链路已跑通，但相对 baseline 的收益仍不足。"
  },
  "figures": [
    "runs/continuous_sam_multiseed_tune_is0p03_us0p016_cr0p08_ts300000_s44_samth10_dc0p02_wu20_cd60_mg0p25_nv0p0005_mx8_oufalse/20260514_081306/analysis/sam_uncertainty_analysis.png"
  ]
}