{
  "episodes": 300,
  "mean_episode_reward": -132.12176362420098,
  "std_episode_reward": 43.14457026716802,
  "interceptor_win_rate": 0.01,
  "response_policy_accuracy": 0.32803812549642575,
  "detector_method": "sam",
  "switch_count": 3,
  "baseline_mean_episode_reward": -135.15575196978006,
  "baseline_std_episode_reward": 42.85528115569868,
  "baseline_interceptor_win_rate": 0.0033333333333333335
}